,ID,OF_NAR_FIR_LR_accuracy,OF_NAR_FIR_NN_accuracy,OF_NAR_FIR_SVM_accuracy,OF_NAR_FIR_LDA_accuracy,OF_NAR_FIR_PRK_accuracy,OF_NAR_FIR_RF_accuracy,OF_NAR_FIR_LR_std_accuracy,OF_NAR_FIR_NN_std_accuracy,OF_NAR_FIR_SVM_std_accuracy,OF_NAR_FIR_LDA_std_accuracy,OF_NAR_FIR_PRK_std_accuracy,OF_NAR_FIR_RF_std_accuracy,OF_NAR_FIR_LR_precision,OF_NAR_FIR_NN_precision,OF_NAR_FIR_SVM_precision,OF_NAR_FIR_LDA_precision,OF_NAR_FIR_PRK_precision,OF_NAR_FIR_RF_precision,OF_NAR_FIR_LR_std_precision,OF_NAR_FIR_NN_std_precision,OF_NAR_FIR_SVM_std_precision,OF_NAR_FIR_LDA_std_precision,OF_NAR_FIR_PRK_std_precision,OF_NAR_FIR_RF_std_precision,OF_NAR_FIR_LR_recall,OF_NAR_FIR_NN_recall,OF_NAR_FIR_SVM_recall,OF_NAR_FIR_LDA_recall,OF_NAR_FIR_PRK_recall,OF_NAR_FIR_RF_recall,OF_NAR_FIR_LR_std_recall,OF_NAR_FIR_NN_std_recall,OF_NAR_FIR_SVM_std_recall,OF_NAR_FIR_LDA_std_recall,OF_NAR_FIR_PRK_std_recall,OF_NAR_FIR_RF_std_recall,OF_NAR_FIR_LR_f1,OF_NAR_FIR_NN_f1,OF_NAR_FIR_SVM_f1,OF_NAR_FIR_LDA_f1,OF_NAR_FIR_PRK_f1,OF_NAR_FIR_RF_f1,OF_NAR_FIR_LR_std_f1,OF_NAR_FIR_NN_std_f1,OF_NAR_FIR_SVM_std_f1,OF_NAR_FIR_LDA_std_f1,OF_NAR_FIR_PRK_std_f1,OF_NAR_FIR_RF_std_f1,OF_NAR_FIR_LR_roc_auc,OF_NAR_FIR_NN_roc_auc,OF_NAR_FIR_SVM_roc_auc,OF_NAR_FIR_LDA_roc_auc,OF_NAR_FIR_PRK_roc_auc,OF_NAR_FIR_RF_roc_auc,OF_NAR_FIR_LR_std_roc_auc,OF_NAR_FIR_NN_std_roc_auc,OF_NAR_FIR_SVM_std_roc_auc,OF_NAR_FIR_LDA_std_roc_auc,OF_NAR_FIR_PRK_std_roc_auc,OF_NAR_FIR_RF_std_roc_auc,OF_NAR_FIR_LR_balanced_accuracy,OF_NAR_FIR_NN_balanced_accuracy,OF_NAR_FIR_SVM_balanced_accuracy,OF_NAR_FIR_LDA_balanced_accuracy,OF_NAR_FIR_PRK_balanced_accuracy,OF_NAR_FIR_RF_balanced_accuracy,OF_NAR_FIR_LR_std_balanced_accuracy,OF_NAR_FIR_NN_std_balanced_accuracy,OF_NAR_FIR_SVM_std_balanced_accuracy,OF_NAR_FIR_LDA_std_balanced_accuracy,OF_NAR_FIR_PRK_std_balanced_accuracy,OF_NAR_FIR_RF_std_balanced_accuracy,OF_NAR_FIR_LR_mcc,OF_NAR_FIR_NN_mcc,OF_NAR_FIR_SVM_mcc,OF_NAR_FIR_LDA_mcc,OF_NAR_FIR_PRK_mcc,OF_NAR_FIR_RF_mcc,OF_NAR_FIR_LR_std_mcc,OF_NAR_FIR_NN_std_mcc,OF_NAR_FIR_SVM_std_mcc,OF_NAR_FIR_LDA_std_mcc,OF_NAR_FIR_PRK_std_mcc,OF_NAR_FIR_RF_std_mcc
0,IP102,0.775455,0.889091,0.910909,0.9,0.790909,0.526364,0.035687,0.029261,0.005455,0.018182,0.029034,0.021685,0.200552,0.422944,0.2,0.386081,0.264137,0.101887,0.04574,0.243841,0.4,0.229003,0.055008,0.02101,0.475556,0.302222,0.02,0.181111,0.736061,0.547778,0.052068,0.132665,0.04,0.146401,0.151645,0.124231,0.279693,0.328579,0.036364,0.229421,0.387606,0.171787,0.046851,0.129343,0.072727,0.152303,0.077786,0.035878,0.676297,0.770798,0.719237,0.755018,0.807383,0.5,0.058708,0.050505,0.056719,0.072667,0.088842,0.0,0.640411,0.624636,0.5095,0.576085,0.76617,0.536117,0.031568,0.067614,0.020304,0.069465,0.080275,0.06803,0.197602,0.286382,0.057549,0.209794,0.351573,0.040695,0.055569,0.149822,0.122998,0.163646,0.104797,0.07672
1,IP104,0.787273,0.9,0.922727,0.904545,0.829091,0.502727,0.052255,0.023706,0.013016,0.056517,0.042212,0.02441,0.194415,0.426508,0.86,0.585159,0.322149,0.079245,0.079253,0.217855,0.209656,0.194522,0.067924,0.026415,0.406364,0.277273,0.209091,0.407273,0.713005,0.414545,0.170563,0.153486,0.130795,0.17195,0.141269,0.133806,0.260555,0.332027,0.314509,0.445916,0.43578,0.133036,0.105842,0.173316,0.16207,0.173499,0.076314,0.044069,0.670348,0.765907,0.841707,0.778482,0.830935,0.5,0.101982,0.071279,0.041933,0.103465,0.061931,0.0,0.616106,0.620126,0.602045,0.681126,0.7769,0.463035,0.092232,0.081218,0.064891,0.084587,0.067091,0.073628,0.171111,0.290809,0.37937,0.424295,0.397537,-0.042357,0.132906,0.189051,0.138907,0.174043,0.090808,0.084898
2,IP105,0.871818,0.924545,0.93,0.918182,0.813636,0.528182,0.0228,0.019091,0.015772,0.015746,0.038408,0.033141,0.365006,0.660198,0.86,0.605,0.313302,0.10566,0.072756,0.166487,0.18412,0.176821,0.06235,0.033962,0.523636,0.426364,0.297273,0.386364,0.820328,0.555455,0.119586,0.142959,0.141658,0.094585,0.104449,0.18202,0.428021,0.501373,0.423658,0.463515,0.44975,0.17753,0.086856,0.129153,0.16125,0.097878,0.07127,0.05723,0.835876,0.865847,0.868865,0.891035,0.906301,0.5,0.057902,0.049799,0.039307,0.05181,0.039342,0.0,0.715253,0.700672,0.645636,0.679177,0.816631,0.540485,0.061182,0.070406,0.071586,0.048609,0.049439,0.10012,0.367479,0.484778,0.46691,0.438303,0.428784,0.046509,0.099065,0.129952,0.144899,0.114541,0.076271,0.115248
3,IP106,0.850909,0.895455,0.913636,0.904545,0.709091,0.502727,0.039249,0.030762,0.009315,0.034317,0.047412,0.025078,0.280509,0.42994,0.65,0.57381,0.198069,0.079245,0.073317,0.205901,0.390512,0.307355,0.037924,0.02773,0.388182,0.25,0.12,0.249091,0.702475,0.413636,0.160065,0.128452,0.074833,0.181053,0.1428,0.13565,0.317539,0.297724,0.195022,0.297851,0.307243,0.132986,0.10128,0.142856,0.114937,0.170859,0.055883,0.046002,0.747636,0.771354,0.760742,0.779854,0.763942,0.5,0.064721,0.074652,0.084014,0.071477,0.083901,0.0,0.643061,0.60548,0.557,0.610035,0.70605,0.462586,0.075173,0.061986,0.036414,0.07981,0.066587,0.074749,0.246781,0.267168,0.248556,0.306124,0.254727,-0.042621,0.113139,0.152399,0.148002,0.165367,0.081602,0.086728
4,IP107,0.755455,0.905455,0.915455,0.907273,0.8,0.519091,0.047141,0.027029,0.016288,0.017628,0.050779,0.027106,0.164917,0.511818,0.8,0.451645,0.273803,0.096226,0.073093,0.208324,0.331662,0.230557,0.073495,0.027277,0.399091,0.328182,0.14,0.308182,0.65351,0.506364,0.174794,0.143536,0.08,0.159153,0.126687,0.147713,0.232656,0.385437,0.230786,0.358387,0.381316,0.161706,0.102067,0.151052,0.120109,0.172365,0.087269,0.046049,0.648087,0.739003,0.776375,0.790122,0.802164,0.5,0.117616,0.095027,0.077634,0.071303,0.06324,0.0,0.595409,0.646061,0.566985,0.638071,0.734222,0.513434,0.099429,0.073237,0.042409,0.076069,0.072206,0.081306,0.133153,0.35497,0.3016,0.326429,0.328781,0.01513,0.138015,0.16528,0.150041,0.174732,0.106531,0.093881
5,IP108,0.721818,0.9,0.907273,0.921818,0.757273,0.519091,0.039668,0.027872,0.003636,0.021203,0.051754,0.029444,0.138195,0.44381,0.0,0.685714,0.238486,0.096226,0.042962,0.192549,0.0,0.25981,0.044896,0.030946,0.398182,0.337273,0.0,0.299091,0.713535,0.504545,0.169579,0.157115,0.0,0.156112,0.109939,0.161821,0.203363,0.379851,0.0,0.400136,0.354238,0.161607,0.067745,0.169635,0.0,0.174047,0.057142,0.051911,0.587063,0.745722,0.685949,0.822054,0.789543,0.5,0.098664,0.095161,0.072051,0.062942,0.079027,0.0,0.576465,0.647106,0.4995,0.642035,0.737676,0.512535,0.076832,0.084185,0.0015,0.078762,0.053705,0.08901,0.098715,0.332352,-0.003029,0.410733,0.309101,0.014601,0.097261,0.184291,0.009087,0.185206,0.071946,0.102469
6,IP109,0.819091,0.873636,0.905455,0.907273,0.755455,0.513636,0.062384,0.020909,0.007273,0.014545,0.03,0.019604,0.228331,0.229286,0.183333,0.51369,0.229666,0.090566,0.090266,0.139431,0.320156,0.22003,0.024335,0.022004,0.347273,0.197273,0.048182,0.246364,0.713535,0.473636,0.113312,0.159754,0.077358,0.124612,0.136317,0.105662,0.269668,0.204004,0.072436,0.316884,0.345415,0.152034,0.093714,0.1453,0.115101,0.131471,0.036662,0.036376,0.709718,0.722914,0.704261,0.751737,0.800615,0.5,0.089177,0.100828,0.078656,0.069545,0.053219,0.0,0.60699,0.569601,0.520091,0.610162,0.737084,0.495586,0.066056,0.076049,0.035676,0.060839,0.066681,0.058247,0.182356,0.142966,0.071358,0.30286,0.300841,-0.004649,0.114403,0.146348,0.140366,0.137353,0.066498,0.067699
7,IP111,0.797273,0.922727,0.921818,0.925455,0.829091,0.504545,0.036147,0.018295,0.01532,0.026907,0.026285,0.022727,0.238611,0.651389,0.66,0.665278,0.323326,0.081132,0.04874,0.291085,0.373214,0.230526,0.030468,0.023941,0.534545,0.328182,0.219091,0.457273,0.784369,0.425455,0.109605,0.150341,0.154355,0.17703,0.117462,0.125098,0.328142,0.422193,0.315137,0.522721,0.45668,0.13626,0.062003,0.175932,0.20304,0.173072,0.046139,0.040151,0.732434,0.806766,0.841555,0.891983,0.870259,0.5,0.057954,0.039623,0.052197,0.036852,0.043979,0.0,0.679141,0.655571,0.606045,0.715111,0.809007,0.468985,0.057168,0.074028,0.076736,0.089954,0.057995,0.068801,0.256729,0.420512,0.344971,0.50443,0.428581,-0.035764,0.0807,0.187624,0.214321,0.184867,0.069036,0.07915
8,IP112,0.866364,0.920909,0.921818,0.93,0.843636,0.520909,0.015239,0.005821,0.014771,0.014113,0.039585,0.032025,0.321281,0.626865,0.599444,0.71881,0.349443,0.098113,0.054836,0.068174,0.3433,0.118997,0.094149,0.034585,0.415455,0.366364,0.247273,0.397273,0.767273,0.512727,0.122714,0.089447,0.195689,0.136427,0.150437,0.173215,0.356518,0.453431,0.32835,0.501106,0.477632,0.164683,0.075756,0.071786,0.218045,0.120278,0.110366,0.057594,0.797691,0.846528,0.865285,0.831321,0.880023,0.5,0.059709,0.053432,0.071876,0.08771,0.080744,0.0,0.663687,0.671672,0.618636,0.690631,0.809586,0.517136,0.053513,0.041473,0.095315,0.067576,0.087144,0.095438,0.290432,0.436327,0.345847,0.49691,0.445356,0.020402,0.078636,0.059317,0.214842,0.118383,0.133258,0.110688
9,IP113,0.817273,0.901818,0.910909,0.900909,0.74,0.513636,0.032639,0.01616,0.006803,0.019688,0.052413,0.017838,0.201906,0.43869,0.2,0.416667,0.216334,0.090566,0.092133,0.243601,0.4,0.197203,0.060213,0.018487,0.354545,0.274545,0.03,0.178182,0.681328,0.475455,0.161399,0.179936,0.064031,0.107504,0.156525,0.098001,0.254054,0.312785,0.051515,0.236333,0.327049,0.152133,0.112105,0.163337,0.108458,0.124544,0.085206,0.031063,0.674003,0.73228,0.737333,0.72584,0.792154,0.5,0.094914,0.112723,0.118134,0.105202,0.103211,0.0,0.609187,0.619727,0.515,0.576071,0.713486,0.496485,0.073639,0.082829,0.032016,0.049781,0.08981,0.053904,0.169665,0.285991,0.073322,0.221425,0.272746,-0.004121,0.121842,0.166169,0.149388,0.128953,0.117222,0.062043
10,IP114,0.686364,0.822727,0.908182,0.886364,0.502727,0.522727,0.046221,0.014799,0.002727,0.020021,0.14078,0.014799,0.081727,0.077673,0.0,0.186667,0.082942,0.1,0.025939,0.058911,0.0,0.302288,0.032611,0.014736,0.237273,0.098182,0.0,0.039091,0.397222,0.525455,0.09022,0.075274,0.0,0.047941,0.129931,0.080986,0.120833,0.086038,0.0,0.061185,0.136032,0.168006,0.040458,0.064537,0.0,0.075813,0.051356,0.024901,0.474142,0.460972,0.454758,0.52973,0.448184,0.5,0.034135,0.063973,0.134986,0.102763,0.111418,0.0,0.48446,0.497045,0.5,0.505535,0.454793,0.523985,0.044545,0.030338,0.0,0.028885,0.107537,0.044555,-0.020593,-0.010202,0.0,0.035993,-0.05621,0.027523,0.056827,0.061123,0.0,0.118978,0.139294,0.051336
11,IP115,0.791818,0.895455,0.906364,0.903636,0.703636,0.519091,0.033141,0.015877,0.0071,0.020409,0.040493,0.033636,0.186741,0.306667,0.166667,0.455,0.188767,0.096226,0.042393,0.22301,0.258199,0.276993,0.041127,0.035248,0.376364,0.11,0.04,0.239091,0.690808,0.504545,0.116506,0.083066,0.066332,0.157041,0.19699,0.184894,0.246751,0.158443,0.064103,0.298636,0.294595,0.161607,0.060079,0.115754,0.104469,0.164333,0.065833,0.05917,0.663088,0.678993,0.703665,0.746355,0.74529,0.5,0.076434,0.117687,0.075738,0.101969,0.085907,0.0,0.605096,0.542495,0.517,0.605025,0.697741,0.512535,0.051944,0.043551,0.032109,0.076753,0.078435,0.1017,0.156032,0.136264,0.064933,0.276968,0.242051,0.014601,0.072857,0.136455,0.121683,0.185705,0.095171,0.117065
12,IP116,0.746364,0.888182,0.908182,0.896364,0.555455,0.537273,0.030546,0.014687,0.004896,0.012984,0.083166,0.019263,0.083665,0.098571,0.1,0.09,0.083828,0.115094,0.057685,0.165671,0.3,0.157797,0.029652,0.019699,0.186364,0.04,0.01,0.03,0.37697,0.604545,0.124466,0.066332,0.03,0.045826,0.12236,0.106193,0.115312,0.053529,0.018182,0.043333,0.135587,0.193353,0.078563,0.085009,0.054545,0.06675,0.043828,0.033184,0.495123,0.513092,0.512986,0.540108,0.483787,0.5,0.094594,0.09022,0.077807,0.073594,0.087307,0.0,0.494571,0.506985,0.5045,0.507,0.475379,0.567535,0.06118,0.030687,0.01524,0.019647,0.059837,0.058386,-0.009815,0.017845,0.02726,0.022451,-0.02783,0.077889,0.091194,0.093647,0.09232,0.072606,0.073257,0.067088
13,IP117,0.838182,0.829091,0.908182,0.894545,0.562727,0.520909,0.043561,0.059585,0.002727,0.010123,0.098119,0.030976,0.155765,0.175728,0.0,0.058333,0.10584,0.098113,0.085595,0.135709,0.0,0.118145,0.022096,0.03354,0.137273,0.187273,0.0,0.02,0.502525,0.512727,0.074794,0.111207,0.0,0.04,0.151,0.167342,0.138782,0.172503,0.0,0.02967,0.173613,0.164683,0.070952,0.109798,0.0,0.059392,0.036935,0.055817,0.58909,0.546326,0.511765,0.517561,0.546408,0.5,0.068114,0.12795,0.109435,0.051642,0.085635,0.0,0.523096,0.540495,0.5,0.5015,0.535316,0.517136,0.0433,0.060355,0.0,0.01898,0.058446,0.092214,0.055775,0.084761,0.0,0.001653,0.041229,0.020402,0.086333,0.128839,0.0,0.065305,0.06967,0.107008
14,IP120,0.88,0.941818,0.949091,0.941818,0.93,0.513636,0.018091,0.021203,0.015851,0.0142,0.022287,0.031818,0.396911,0.730328,0.909762,0.765897,0.586058,0.090566,0.057202,0.143072,0.114228,0.148687,0.099107,0.032462,0.585455,0.605455,0.504545,0.592727,0.912525,0.476364,0.160948,0.179126,0.195412,0.177671,0.099233,0.174071,0.465693,0.648475,0.626951,0.641826,0.707646,0.152183,0.082681,0.133694,0.141159,0.104518,0.079823,0.054713,0.879362,0.940831,0.965456,0.953402,0.967157,0.5,0.064705,0.066978,0.033021,0.019045,0.032978,0.0,0.747692,0.790722,0.749273,0.784843,0.922245,0.496934,0.07314,0.089813,0.096053,0.081923,0.048441,0.095782,0.415947,0.628372,0.645038,0.632326,0.695613,-0.003857,0.095036,0.143069,0.131038,0.1047,0.084949,0.110434
15,IP121,0.899091,0.923636,0.933636,0.936364,0.862727,0.508182,0.030815,0.022709,0.021532,0.028167,0.045172,0.036466,0.47673,0.598333,0.72504,0.7175,0.389282,0.084906,0.130468,0.18307,0.288684,0.202,0.112927,0.037971,0.527273,0.439091,0.39,0.508182,0.681111,0.445455,0.165594,0.19242,0.22561,0.205078,0.109572,0.200578,0.487815,0.49766,0.480412,0.582082,0.486956,0.142609,0.128151,0.184976,0.251494,0.194108,0.106868,0.06383,0.79427,0.815535,0.842096,0.844546,0.822839,0.5,0.079043,0.075042,0.071208,0.058455,0.078151,0.0,0.732096,0.70603,0.689495,0.744066,0.781058,0.479985,0.082824,0.097357,0.111554,0.105596,0.059804,0.110317,0.441126,0.46958,0.48716,0.565702,0.443641,-0.023107,0.140418,0.191141,0.241572,0.202261,0.115409,0.126936
16,IP122,0.865455,0.944545,0.934545,0.949091,0.93,0.519091,0.040206,0.028877,0.020651,0.02,0.030976,0.028877,0.386307,0.77987,0.765714,0.801822,0.605422,0.096226,0.117777,0.30058,0.388781,0.168051,0.119555,0.030946,0.681818,0.572727,0.305455,0.623636,0.823864,0.503636,0.17907,0.258604,0.243636,0.132565,0.120781,0.157627,0.486621,0.630559,0.405138,0.690398,0.689266,0.161558,0.126648,0.2381,0.288417,0.122501,0.103945,0.051674,0.863421,0.929304,0.900606,0.9171,0.945613,0.5,0.074071,0.048432,0.075292,0.060726,0.049576,0.0,0.782869,0.777348,0.651727,0.802818,0.882459,0.512086,0.094543,0.128975,0.121034,0.066971,0.059695,0.086768,0.443765,0.627027,0.443831,0.675893,0.666948,0.014337,0.149486,0.249549,0.2749,0.131481,0.109122,0.100215
17,IP123,0.837273,0.91,0.917273,0.911818,0.824545,0.522727,0.044434,0.02316,0.010325,0.015772,0.038149,0.034317,0.279621,0.538611,0.6,0.551587,0.313336,0.1,0.091872,0.190863,0.489898,0.125433,0.080584,0.035849,0.426364,0.378182,0.099091,0.366364,0.737576,0.524545,0.111522,0.110835,0.109578,0.100004,0.142632,0.188691,0.332956,0.436304,0.16352,0.429538,0.438046,0.167956,0.094594,0.125988,0.168997,0.088781,0.099433,0.060214,0.759436,0.797858,0.782309,0.840461,0.850665,0.5,0.068592,0.070875,0.06195,0.085962,0.097163,0.0,0.652586,0.671061,0.549545,0.666657,0.785154,0.523535,0.066142,0.058528,0.054789,0.048958,0.078128,0.103784,0.256327,0.400692,0.225503,0.399072,0.401147,0.027259,0.114058,0.143278,0.202492,0.092568,0.118367,0.119443
18,IP124,0.812727,0.908182,0.914545,0.901818,0.742727,0.526364,0.043636,0.019688,0.009271,0.013966,0.060583,0.025857,0.164568,0.472262,0.6,0.49381,0.226985,0.103774,0.090306,0.207756,0.442217,0.300046,0.059565,0.027015,0.238182,0.245455,0.108182,0.139091,0.702323,0.544545,0.136291,0.168562,0.081256,0.111715,0.148562,0.142205,0.193019,0.312369,0.179953,0.192204,0.339583,0.174306,0.107073,0.184978,0.133238,0.117204,0.07802,0.045358,0.641763,0.747671,0.740819,0.728487,0.759462,0.5,0.110227,0.09867,0.119642,0.086237,0.093235,0.0,0.554485,0.610217,0.552091,0.559045,0.724477,0.534535,0.078386,0.085446,0.040963,0.052084,0.080275,0.078213,0.094981,0.291709,0.232096,0.202972,0.28994,0.039916,0.128429,0.189193,0.177526,0.125569,0.10644,0.090002
19,IP125,0.828182,0.902727,0.929091,0.900909,0.744545,0.51,0.053079,0.019938,0.013361,0.043112,0.042339,0.03,0.288754,0.475693,0.888095,0.52675,0.234088,0.086792,0.128771,0.116309,0.17819,0.261453,0.042121,0.030657,0.512727,0.436364,0.268182,0.386364,0.767374,0.456364,0.189745,0.163737,0.142774,0.157944,0.142446,0.164181,0.358364,0.442407,0.390975,0.422064,0.356821,0.145833,0.138951,0.121896,0.171249,0.167989,0.059048,0.051658,0.758457,0.805652,0.892816,0.845424,0.819912,0.5,0.064922,0.080702,0.054298,0.097017,0.054737,0.0,0.686318,0.693162,0.632091,0.669657,0.754503,0.485934,0.094456,0.078744,0.070664,0.081074,0.064633,0.090337,0.292901,0.39775,0.448071,0.388846,0.322368,-0.016514,0.158499,0.128579,0.149813,0.190123,0.081811,0.104141
20,IP126,0.816364,0.915455,0.926364,0.900909,0.807273,0.519091,0.016664,0.015239,0.015455,0.021301,0.045781,0.03,0.241223,0.565952,0.695238,0.445851,0.288215,0.096226,0.047365,0.139453,0.175391,0.157866,0.094155,0.030946,0.476364,0.406364,0.347273,0.326364,0.700152,0.505455,0.135281,0.158404,0.121818,0.140392,0.154255,0.164854,0.319048,0.458558,0.455763,0.372264,0.403149,0.161657,0.070113,0.116762,0.143432,0.140515,0.107568,0.052088,0.762377,0.82861,0.853671,0.803704,0.835642,0.5,0.065137,0.091727,0.086844,0.096993,0.091167,0.0,0.663601,0.686667,0.666126,0.642657,0.758981,0.512985,0.065784,0.076114,0.061756,0.072872,0.078317,0.090674,0.244224,0.429415,0.454492,0.327331,0.360461,0.014865,0.089362,0.124882,0.146288,0.151779,0.124016,0.104361
21,IP127,0.771818,0.916364,0.920909,0.905455,0.803636,0.515455,0.034605,0.017153,0.015239,0.018719,0.02,0.025078,0.205463,0.630556,0.73,0.497958,0.290671,0.092453,0.048105,0.19766,0.248305,0.150271,0.028532,0.025939,0.512727,0.305455,0.218182,0.314545,0.788788,0.485455,0.141433,0.085783,0.108178,0.113196,0.099689,0.137822,0.291622,0.400764,0.329451,0.37621,0.4233,0.155308,0.068166,0.098605,0.143474,0.108918,0.038154,0.043632,0.714246,0.763402,0.804529,0.837824,0.854536,0.5,0.064773,0.045849,0.046936,0.053547,0.043161,0.0,0.655242,0.641707,0.605081,0.639747,0.796767,0.501985,0.067983,0.04315,0.055956,0.05714,0.039159,0.075806,0.213904,0.39446,0.366557,0.343177,0.396611,0.002208,0.090538,0.114786,0.157689,0.118903,0.047013,0.087246
22,IP128,0.735455,0.881818,0.908182,0.898182,0.510909,0.515455,0.04406,0.015746,0.002727,0.006803,0.088027,0.028762,0.074091,0.12,0.0,0.0,0.07997,0.092453,0.036117,0.299333,0.0,0.0,0.023049,0.029773,0.168182,0.019091,0.0,0.0,0.413535,0.485455,0.100103,0.038236,0.0,0.0,0.137445,0.158098,0.10095,0.03,0.0,0.0,0.133234,0.155308,0.050799,0.060461,0.0,0.0,0.038017,0.050084,0.486046,0.452746,0.478095,0.450418,0.454783,0.5,0.045335,0.080055,0.068267,0.059805,0.04689,0.0,0.48046,0.494045,0.5,0.494495,0.466886,0.501985,0.042766,0.023209,0.0,0.003499,0.055838,0.086957,-0.029161,-0.007014,0.0,-0.028218,-0.039194,0.002208,0.061537,0.106977,0.0,0.015106,0.065584,0.100075
23,IP129,0.864545,0.92,0.925455,0.919091,0.835455,0.506364,0.040134,0.01616,0.013966,0.018829,0.031347,0.023724,0.335581,0.617143,0.724167,0.563629,0.335735,0.083019,0.138681,0.150033,0.186802,0.223267,0.063765,0.025594,0.448182,0.319091,0.319091,0.38,0.772828,0.434545,0.182863,0.148349,0.118353,0.166132,0.118587,0.130086,0.380939,0.409017,0.430611,0.44544,0.465159,0.139385,0.152395,0.148477,0.130259,0.179904,0.072622,0.042719,0.821011,0.853167,0.836498,0.85993,0.893383,0.5,0.067785,0.077581,0.110388,0.073428,0.060496,0.0,0.67752,0.65003,0.653035,0.67699,0.807325,0.474035,0.101044,0.073605,0.058375,0.081516,0.06142,0.071577,0.312864,0.401102,0.441987,0.419374,0.435007,-0.0297,0.176064,0.145984,0.12949,0.186042,0.089138,0.082516
24,IP130,0.769091,0.87,0.909091,0.894545,0.705455,0.515455,0.075755,0.024069,0.004066,0.022342,0.046033,0.021532,0.201461,0.236784,0.15,0.428388,0.202557,0.092453,0.086651,0.149563,0.320156,0.359695,0.037888,0.023031,0.404545,0.177273,0.019091,0.159091,0.734141,0.484545,0.105333,0.094934,0.038236,0.136075,0.119266,0.118185,0.255606,0.195917,0.033566,0.198673,0.31612,0.155258,0.07406,0.105359,0.067424,0.14677,0.054172,0.038492,0.720535,0.669679,0.6887,0.771932,0.745665,0.5,0.084137,0.0958,0.120753,0.079018,0.076143,0.0,0.605207,0.558591,0.50904,0.564045,0.718456,0.501535,0.053915,0.045509,0.018208,0.062827,0.065579,0.06502,0.163696,0.133155,0.048433,0.190906,0.26868,0.001944,0.094262,0.115281,0.100602,0.16476,0.080999,0.074911
25,IP131,0.897273,0.935455,0.944545,0.940909,0.874545,0.539091,0.014113,0.012498,0.014345,0.023443,0.032474,0.021532,0.44301,0.731429,0.826111,0.720275,0.422975,0.116981,0.076291,0.132882,0.132731,0.149527,0.079754,0.023566,0.506364,0.515455,0.504545,0.596364,0.881364,0.612727,0.154334,0.148215,0.167887,0.159917,0.084506,0.116008,0.466762,0.58492,0.610518,0.645382,0.567623,0.196429,0.10284,0.104344,0.143258,0.145959,0.077326,0.039093,0.880203,0.901556,0.940284,0.932574,0.933265,0.5,0.053604,0.064791,0.04425,0.047922,0.049569,0.0,0.721662,0.746722,0.746773,0.786167,0.87759,0.572136,0.07467,0.069634,0.082697,0.082273,0.045086,0.06394,0.415186,0.572352,0.612263,0.62109,0.554677,0.083689,0.112,0.099206,0.135946,0.155042,0.081942,0.074286
26,IP132,0.808182,0.909091,0.910909,0.898182,0.728182,0.531818,0.036238,0.021513,0.006803,0.028977,0.069645,0.034796,0.199824,0.52619,0.2,0.498629,0.185647,0.109434,0.071182,0.280146,0.4,0.294422,0.081221,0.036586,0.357273,0.228182,0.03,0.228182,0.536465,0.573636,0.163689,0.135051,0.064031,0.135051,0.195948,0.190885,0.251814,0.307366,0.051515,0.286374,0.273326,0.18378,0.091756,0.167308,0.108458,0.148818,0.11204,0.061351,0.655128,0.716024,0.75327,0.725964,0.686869,0.5,0.120998,0.103946,0.106947,0.074868,0.113496,0.0,0.605561,0.603066,0.515,0.597091,0.641601,0.550586,0.079635,0.06947,0.032016,0.068006,0.110395,0.105015,0.164123,0.299484,0.073322,0.274067,0.189443,0.058638,0.114349,0.187366,0.149388,0.171831,0.148876,0.12099
27,IP133,0.84,0.920909,0.930909,0.923636,0.879091,0.511818,0.055028,0.016288,0.009271,0.026096,0.022287,0.022287,0.303482,0.631176,0.891667,0.632403,0.417661,0.088679,0.123519,0.160003,0.134629,0.196724,0.055277,0.023941,0.507273,0.387273,0.297273,0.447273,0.773763,0.464545,0.195224,0.132128,0.089816,0.171421,0.109388,0.122269,0.374112,0.466559,0.433823,0.511115,0.539763,0.148909,0.147598,0.111972,0.108899,0.175049,0.061793,0.039985,0.763033,0.846969,0.848714,0.868835,0.872511,0.5,0.099955,0.096677,0.091369,0.071582,0.069322,0.0,0.690551,0.681116,0.646131,0.709626,0.831796,0.490535,0.108319,0.064527,0.043988,0.088465,0.053392,0.067271,0.306714,0.44897,0.481349,0.486611,0.509458,-0.010714,0.174535,0.119518,0.089823,0.182793,0.074264,0.077527
28,IP134,0.842727,0.911818,0.909091,0.922727,0.827273,0.528182,0.042261,0.041271,0.004066,0.022361,0.042251,0.023863,0.301639,0.588957,0.1,0.631783,0.335071,0.10566,0.090287,0.24167,0.3,0.149944,0.070728,0.026949,0.496364,0.427273,0.01,0.526364,0.81798,0.551818,0.137282,0.121967,0.03,0.095731,0.131315,0.124253,0.370528,0.486797,0.018182,0.559635,0.46924,0.177331,0.10393,0.163358,0.054545,0.083273,0.074661,0.044287,0.790556,0.897377,0.841388,0.90612,0.905469,0.5,0.058751,0.053928,0.043096,0.049401,0.062482,0.0,0.687116,0.694121,0.505,0.744667,0.823478,0.538687,0.072866,0.073083,0.015,0.044788,0.063578,0.068741,0.302631,0.451722,0.030289,0.529157,0.447914,0.045453,0.120462,0.190053,0.090867,0.094338,0.086869,0.081141
29,IP135,0.887273,0.938182,0.941818,0.941818,0.927273,0.540909,0.033575,0.018982,0.016364,0.028226,0.029876,0.024813,0.427881,0.717359,0.85,0.71149,0.576692,0.118868,0.114756,0.138272,0.142156,0.168676,0.127023,0.025384,0.612727,0.564545,0.465455,0.674545,0.886263,0.624545,0.177364,0.134315,0.148369,0.157291,0.10376,0.13673,0.500028,0.623151,0.583824,0.681866,0.695147,0.199702,0.131193,0.113021,0.138542,0.142662,0.119561,0.042786,0.879418,0.920756,0.941979,0.966349,0.960172,0.5,0.047181,0.034147,0.038334,0.034927,0.041623,0.0,0.763833,0.770263,0.727722,0.821747,0.908644,0.578535,0.094343,0.068486,0.07405,0.082752,0.06122,0.075181,0.450668,0.60005,0.593401,0.656488,0.678201,0.090546,0.152281,0.122016,0.12484,0.155794,0.128454,0.086409
