,ID,OF_NAR_IIR_LR_accuracy,OF_NAR_IIR_NN_accuracy,OF_NAR_IIR_SVM_accuracy,OF_NAR_IIR_LDA_accuracy,OF_NAR_IIR_PRK_accuracy,OF_NAR_IIR_RF_accuracy,OF_NAR_IIR_LR_std_accuracy,OF_NAR_IIR_NN_std_accuracy,OF_NAR_IIR_SVM_std_accuracy,OF_NAR_IIR_LDA_std_accuracy,OF_NAR_IIR_PRK_std_accuracy,OF_NAR_IIR_RF_std_accuracy,OF_NAR_IIR_LR_precision,OF_NAR_IIR_NN_precision,OF_NAR_IIR_SVM_precision,OF_NAR_IIR_LDA_precision,OF_NAR_IIR_PRK_precision,OF_NAR_IIR_RF_precision,OF_NAR_IIR_LR_std_precision,OF_NAR_IIR_NN_std_precision,OF_NAR_IIR_SVM_std_precision,OF_NAR_IIR_LDA_std_precision,OF_NAR_IIR_PRK_std_precision,OF_NAR_IIR_RF_std_precision,OF_NAR_IIR_LR_recall,OF_NAR_IIR_NN_recall,OF_NAR_IIR_SVM_recall,OF_NAR_IIR_LDA_recall,OF_NAR_IIR_PRK_recall,OF_NAR_IIR_RF_recall,OF_NAR_IIR_LR_std_recall,OF_NAR_IIR_NN_std_recall,OF_NAR_IIR_SVM_std_recall,OF_NAR_IIR_LDA_std_recall,OF_NAR_IIR_PRK_std_recall,OF_NAR_IIR_RF_std_recall,OF_NAR_IIR_LR_f1,OF_NAR_IIR_NN_f1,OF_NAR_IIR_SVM_f1,OF_NAR_IIR_LDA_f1,OF_NAR_IIR_PRK_f1,OF_NAR_IIR_RF_f1,OF_NAR_IIR_LR_std_f1,OF_NAR_IIR_NN_std_f1,OF_NAR_IIR_SVM_std_f1,OF_NAR_IIR_LDA_std_f1,OF_NAR_IIR_PRK_std_f1,OF_NAR_IIR_RF_std_f1,OF_NAR_IIR_LR_roc_auc,OF_NAR_IIR_NN_roc_auc,OF_NAR_IIR_SVM_roc_auc,OF_NAR_IIR_LDA_roc_auc,OF_NAR_IIR_PRK_roc_auc,OF_NAR_IIR_RF_roc_auc,OF_NAR_IIR_LR_std_roc_auc,OF_NAR_IIR_NN_std_roc_auc,OF_NAR_IIR_SVM_std_roc_auc,OF_NAR_IIR_LDA_std_roc_auc,OF_NAR_IIR_PRK_std_roc_auc,OF_NAR_IIR_RF_std_roc_auc,OF_NAR_IIR_LR_balanced_accuracy,OF_NAR_IIR_NN_balanced_accuracy,OF_NAR_IIR_SVM_balanced_accuracy,OF_NAR_IIR_LDA_balanced_accuracy,OF_NAR_IIR_PRK_balanced_accuracy,OF_NAR_IIR_RF_balanced_accuracy,OF_NAR_IIR_LR_std_balanced_accuracy,OF_NAR_IIR_NN_std_balanced_accuracy,OF_NAR_IIR_SVM_std_balanced_accuracy,OF_NAR_IIR_LDA_std_balanced_accuracy,OF_NAR_IIR_PRK_std_balanced_accuracy,OF_NAR_IIR_RF_std_balanced_accuracy,OF_NAR_IIR_LR_mcc,OF_NAR_IIR_NN_mcc,OF_NAR_IIR_SVM_mcc,OF_NAR_IIR_LDA_mcc,OF_NAR_IIR_PRK_mcc,OF_NAR_IIR_RF_mcc,OF_NAR_IIR_LR_std_mcc,OF_NAR_IIR_NN_std_mcc,OF_NAR_IIR_SVM_std_mcc,OF_NAR_IIR_LDA_std_mcc,OF_NAR_IIR_PRK_std_mcc,OF_NAR_IIR_RF_std_mcc
0,IP102,0.764545,0.904545,0.91,0.893636,0.780909,0.526364,0.041946,0.015347,0.007551,0.018653,0.030274,0.021685,0.178141,0.370357,0.25,0.333626,0.247421,0.101887,0.05918,0.266994,0.403113,0.189372,0.053847,0.02101,0.425556,0.21,0.03,0.18,0.696768,0.547778,0.103763,0.157797,0.045826,0.132665,0.159478,0.124231,0.248814,0.26098,0.05303,0.222302,0.363581,0.171787,0.071435,0.193084,0.0811,0.14305,0.076269,0.035878,0.658316,0.749027,0.717957,0.745828,0.792307,0.5,0.064119,0.058226,0.058415,0.076005,0.090448,0.0,0.611921,0.591515,0.5135,0.572025,0.743018,0.536117,0.057727,0.077473,0.023027,0.064041,0.081812,0.06803,0.157501,0.231002,0.07564,0.187639,0.319828,0.040695,0.088607,0.200782,0.128695,0.15142,0.104211,0.07672
1,IP104,0.806364,0.91,0.920909,0.904545,0.833636,0.502727,0.043418,0.015455,0.017745,0.029668,0.024069,0.02441,0.217002,0.530119,0.644722,0.530833,0.311773,0.079245,0.068167,0.196096,0.311776,0.223049,0.045325,0.026415,0.425455,0.307273,0.287273,0.337273,0.673712,0.414545,0.147138,0.137918,0.175819,0.129171,0.135112,0.133806,0.284779,0.373621,0.375233,0.3933,0.423551,0.133036,0.093587,0.138523,0.204148,0.142822,0.063742,0.044069,0.694238,0.75775,0.826614,0.777161,0.825416,0.5,0.08409,0.082513,0.048737,0.088787,0.066338,0.0,0.635146,0.639121,0.636131,0.649631,0.761755,0.463035,0.072375,0.06745,0.08656,0.064786,0.06223,0.073628,0.202945,0.351236,0.382992,0.3657,0.37841,-0.042357,0.108927,0.142984,0.208177,0.158192,0.080069,0.084898
2,IP105,0.872727,0.929091,0.932727,0.910909,0.836364,0.528182,0.022998,0.017628,0.016364,0.023983,0.028748,0.033141,0.370471,0.702381,0.779167,0.54123,0.334241,0.10566,0.083029,0.190782,0.157817,0.177657,0.056157,0.033962,0.522727,0.436364,0.377273,0.356364,0.772146,0.555455,0.103193,0.121696,0.134549,0.119282,0.134877,0.18202,0.431293,0.527233,0.49823,0.424758,0.464118,0.17753,0.085722,0.116656,0.141935,0.13269,0.07147,0.05723,0.816887,0.864349,0.873238,0.864594,0.884657,0.5,0.037811,0.055216,0.044666,0.072041,0.051593,0.0,0.715318,0.707682,0.683136,0.661672,0.807472,0.540485,0.054677,0.062302,0.06836,0.064872,0.067741,0.10012,0.370623,0.513346,0.507894,0.391219,0.434353,0.046509,0.096942,0.130115,0.139595,0.148902,0.090452,0.115248
3,IP106,0.839091,0.900909,0.908182,0.9,0.79,0.502727,0.039637,0.020909,0.010325,0.029598,0.032639,0.025078,0.250145,0.514583,0.466667,0.405556,0.240664,0.079245,0.072439,0.221667,0.363624,0.233135,0.042289,0.02773,0.367273,0.219091,0.119091,0.228182,0.592475,0.413636,0.168964,0.1258,0.087429,0.195548,0.16125,0.13565,0.285688,0.273305,0.184066,0.26107,0.337457,0.132986,0.089673,0.101777,0.132804,0.187596,0.054777,0.046002,0.718769,0.765872,0.755883,0.764017,0.749951,0.5,0.055156,0.051263,0.066126,0.090666,0.087556,0.0,0.627096,0.59453,0.553545,0.598081,0.701642,0.462586,0.069065,0.051462,0.04404,0.089656,0.072038,0.074749,0.212932,0.270356,0.197884,0.243466,0.276869,-0.042621,0.099317,0.098103,0.166598,0.184857,0.083798,0.086728
4,IP107,0.772727,0.899091,0.912727,0.901818,0.785455,0.519091,0.038996,0.023863,0.017814,0.015103,0.051938,0.027106,0.172826,0.533532,0.552778,0.410173,0.26478,0.096226,0.050435,0.282839,0.27808,0.19198,0.06551,0.027277,0.388182,0.259091,0.239091,0.249091,0.701894,0.506364,0.140074,0.121237,0.136609,0.137041,0.122207,0.147713,0.237375,0.311887,0.319065,0.302218,0.381324,0.161706,0.073592,0.132519,0.16346,0.152132,0.080443,0.046049,0.657042,0.743771,0.773211,0.778992,0.80115,0.5,0.103461,0.103388,0.086328,0.081963,0.063822,0.0,0.599965,0.611525,0.610025,0.608535,0.747788,0.513434,0.072385,0.059295,0.066826,0.065955,0.069383,0.081306,0.142374,0.29712,0.317535,0.268237,0.335439,0.01513,0.098698,0.13043,0.174394,0.156168,0.100695,0.093881
5,IP108,0.714545,0.897273,0.911818,0.92,0.750909,0.519091,0.039459,0.025078,0.005821,0.018542,0.087121,0.029444,0.133493,0.446436,0.266667,0.64619,0.234322,0.096226,0.035368,0.174714,0.416333,0.218644,0.071004,0.030946,0.388182,0.298182,0.049091,0.309091,0.641111,0.504545,0.132743,0.091615,0.080103,0.159026,0.097925,0.161821,0.197213,0.351905,0.080769,0.399992,0.336627,0.161607,0.053904,0.112583,0.129741,0.164061,0.078556,0.051911,0.584325,0.6989,0.747965,0.808481,0.738244,0.5,0.097346,0.084762,0.057584,0.067069,0.101465,0.0,0.56798,0.628066,0.524045,0.645535,0.701418,0.512535,0.059284,0.051262,0.039127,0.0788,0.065266,0.08901,0.088104,0.308807,0.105303,0.401179,0.274392,0.014601,0.076485,0.132262,0.164112,0.166027,0.098311,0.102469
6,IP109,0.825455,0.888182,0.900909,0.9,0.734545,0.513636,0.048583,0.013515,0.012498,0.010757,0.041818,0.019604,0.243164,0.234167,0.266667,0.4075,0.218157,0.090566,0.093446,0.168509,0.31798,0.14164,0.042722,0.022004,0.366364,0.147273,0.087273,0.216364,0.720361,0.473636,0.089447,0.108392,0.108727,0.135683,0.110139,0.105662,0.287698,0.177254,0.123154,0.267664,0.332943,0.152034,0.091462,0.124936,0.145242,0.129343,0.054774,0.036376,0.697409,0.736127,0.733233,0.752509,0.778029,0.5,0.08637,0.086067,0.081046,0.061853,0.066526,0.0,0.619071,0.555126,0.535136,0.592662,0.72851,0.495586,0.056676,0.048865,0.051599,0.063822,0.064247,0.058247,0.202799,0.133377,0.110845,0.240998,0.286041,-0.004649,0.108306,0.120708,0.171537,0.124268,0.078058,0.067699
7,IP111,0.804545,0.912727,0.919091,0.924545,0.814545,0.504545,0.027044,0.02159,0.021301,0.026983,0.039249,0.022727,0.225469,0.570476,0.588095,0.643506,0.301033,0.081132,0.044102,0.279561,0.304317,0.186081,0.063849,0.023941,0.456364,0.249091,0.249091,0.438182,0.743258,0.425455,0.094633,0.129538,0.181053,0.176925,0.139822,0.125098,0.301041,0.339275,0.337029,0.507998,0.425967,0.13626,0.057489,0.164664,0.223393,0.173432,0.080512,0.040151,0.696616,0.764406,0.826362,0.867991,0.847098,0.5,0.053063,0.048713,0.061431,0.043736,0.047905,0.0,0.648076,0.61453,0.61804,0.706076,0.78245,0.468985,0.051913,0.06817,0.09165,0.091073,0.071523,0.068801,0.220119,0.333887,0.342543,0.486554,0.390116,-0.035764,0.074851,0.188169,0.23229,0.180357,0.100747,0.07915
8,IP112,0.878182,0.922727,0.92,0.930909,0.83,0.520909,0.02159,0.012365,0.01206,0.017344,0.038365,0.032025,0.370227,0.633254,0.69,0.721667,0.321125,0.098113,0.083892,0.108554,0.190788,0.132926,0.087264,0.034585,0.425455,0.397273,0.287273,0.398182,0.737273,0.512727,0.087462,0.112305,0.144611,0.163576,0.181019,0.173215,0.392449,0.478933,0.378698,0.499698,0.443591,0.164683,0.075158,0.101704,0.143703,0.157282,0.10821,0.057594,0.811706,0.848241,0.868653,0.825963,0.882261,0.5,0.067791,0.050171,0.062287,0.082326,0.077314,0.0,0.674692,0.686631,0.635631,0.691586,0.78864,0.517136,0.046352,0.054914,0.069469,0.081591,0.09412,0.095438,0.328553,0.458904,0.393128,0.497645,0.407901,0.020402,0.085991,0.098859,0.122249,0.150761,0.133181,0.110688
9,IP113,0.806364,0.896364,0.915455,0.899091,0.763636,0.513636,0.034027,0.02081,0.005821,0.02051,0.062191,0.017838,0.17648,0.345238,0.6,0.40246,0.233038,0.090566,0.10924,0.266305,0.489898,0.214837,0.0701,0.018487,0.314545,0.165455,0.078182,0.208182,0.651082,0.475455,0.186583,0.138874,0.072065,0.104719,0.153739,0.098001,0.224727,0.216203,0.13683,0.270088,0.342038,0.152133,0.135581,0.166344,0.122798,0.137187,0.096397,0.031063,0.672886,0.758582,0.764279,0.770866,0.77878,0.5,0.085031,0.109051,0.110456,0.083415,0.09713,0.0,0.585192,0.567702,0.539091,0.588566,0.712806,0.496485,0.095476,0.070286,0.036033,0.054242,0.095088,0.053904,0.131765,0.18717,0.205014,0.239028,0.283401,-0.004121,0.154781,0.185557,0.172776,0.152525,0.130276,0.062043
10,IP114,0.682727,0.845455,0.908182,0.886364,0.57,0.522727,0.04462,0.019917,0.002727,0.020429,0.115712,0.014799,0.094143,0.027885,0.0,0.15,0.08723,0.1,0.031822,0.056141,0.0,0.229129,0.043238,0.014736,0.276364,0.03,0.0,0.029091,0.403788,0.525455,0.082742,0.064031,0.0,0.044499,0.194156,0.080986,0.139546,0.028502,0.0,0.048718,0.141554,0.168006,0.043834,0.058709,0.0,0.074491,0.066909,0.024901,0.506708,0.440392,0.514876,0.539852,0.500277,0.5,0.045188,0.066539,0.133929,0.108586,0.112554,0.0,0.500025,0.478965,0.5,0.50104,0.495823,0.523985,0.047763,0.028284,0.0,0.029106,0.087096,0.044555,0.001608,-0.052921,0.0,0.018809,-0.008754,0.027523,0.063042,0.057438,0.0,0.112773,0.107638,0.051336
11,IP115,0.786364,0.899091,0.904545,0.898182,0.695455,0.519091,0.037538,0.015455,0.010947,0.021047,0.045135,0.033636,0.160426,0.421667,0.3,0.41,0.185441,0.096226,0.056728,0.340102,0.339935,0.340278,0.043765,0.035248,0.327273,0.11,0.07,0.149091,0.692626,0.504545,0.168317,0.083066,0.078102,0.092727,0.183966,0.184894,0.211451,0.161034,0.109574,0.213297,0.290693,0.161607,0.083448,0.109054,0.118637,0.140464,0.068607,0.05917,0.62917,0.667831,0.674902,0.72349,0.737207,0.5,0.096258,0.084717,0.065226,0.095796,0.082579,0.0,0.580071,0.544485,0.5295,0.561525,0.694205,0.512535,0.073066,0.041582,0.038565,0.05117,0.07704,0.1017,0.116453,0.162108,0.115354,0.198001,0.236383,0.014601,0.1011,0.138519,0.144792,0.183664,0.095715,0.117065
12,IP116,0.75,0.900909,0.906364,0.896364,0.506364,0.537273,0.029388,0.008576,0.0071,0.007273,0.089077,0.019263,0.093978,0.275,0.1,0.025,0.080307,0.115094,0.056285,0.298259,0.3,0.075,0.022987,0.019699,0.207273,0.07,0.01,0.01,0.446263,0.604545,0.128359,0.064031,0.03,0.03,0.223143,0.106193,0.128962,0.107193,0.018182,0.014286,0.134943,0.193353,0.077866,0.0955,0.054545,0.042857,0.042797,0.033184,0.493227,0.532002,0.513954,0.537289,0.461665,0.5,0.081662,0.09992,0.091366,0.087683,0.090059,0.0,0.506035,0.527495,0.503495,0.498,0.479399,0.567535,0.064312,0.030358,0.015663,0.013077,0.066178,0.058386,0.007021,0.100518,0.021039,-0.015267,-0.024387,0.077889,0.093561,0.11928,0.094958,0.044049,0.079447,0.067088
13,IP117,0.832727,0.843636,0.908182,0.896364,0.597273,0.520909,0.049158,0.024663,0.002727,0.012332,0.091548,0.030976,0.198254,0.155861,0.0,0.125,0.123405,0.098113,0.181844,0.111005,0.0,0.30104,0.028541,0.03354,0.167273,0.169091,0.0,0.02,0.551414,0.512727,0.097251,0.135036,0.0,0.04,0.184449,0.167342,0.166876,0.155911,0.0,0.032468,0.199805,0.164683,0.10297,0.114036,0.0,0.065517,0.046051,0.055817,0.613102,0.580645,0.505923,0.537463,0.56683,0.5,0.073525,0.089216,0.118929,0.051841,0.074503,0.0,0.533606,0.540525,0.5,0.5025,0.576348,0.517136,0.062374,0.063612,0.0,0.021125,0.066265,0.092214,0.084377,0.074902,0.0,0.017822,0.092217,0.020402,0.136695,0.121265,0.0,0.105501,0.079557,0.107008
14,IP120,0.876364,0.938182,0.95,0.942727,0.912727,0.513636,0.023776,0.023284,0.018741,0.018653,0.022342,0.031818,0.376261,0.706984,0.858171,0.801883,0.521102,0.090566,0.082976,0.157887,0.09629,0.169146,0.092062,0.032462,0.575455,0.594545,0.534545,0.574545,0.910303,0.476364,0.245994,0.205591,0.204971,0.160155,0.076959,0.174071,0.443086,0.625043,0.64223,0.642367,0.659188,0.152183,0.130923,0.156333,0.166904,0.107344,0.07952,0.054713,0.880118,0.94579,0.966285,0.940597,0.96581,0.5,0.041808,0.043984,0.030234,0.023231,0.026289,0.0,0.741172,0.783753,0.763268,0.777253,0.911619,0.496934,0.112805,0.102781,0.102336,0.075418,0.040496,0.095782,0.396541,0.60574,0.646676,0.637567,0.64752,-0.003857,0.150592,0.158586,0.15811,0.10629,0.083972,0.110434
15,IP121,0.9,0.921818,0.921818,0.933636,0.853636,0.508182,0.027872,0.022342,0.025777,0.026364,0.054915,0.036466,0.478084,0.653095,0.613254,0.713914,0.37824,0.084906,0.134445,0.19587,0.218543,0.194696,0.122163,0.037971,0.476364,0.427273,0.389091,0.508182,0.661111,0.445455,0.142481,0.169929,0.20841,0.184545,0.116382,0.200578,0.466756,0.487398,0.454814,0.575251,0.468498,0.142609,0.117879,0.164418,0.212401,0.169955,0.107813,0.06383,0.810497,0.844716,0.84211,0.85466,0.810406,0.5,0.059326,0.056764,0.065335,0.061886,0.068953,0.0,0.709641,0.699616,0.682535,0.742561,0.766982,0.479985,0.072923,0.084515,0.102107,0.093564,0.066063,0.110317,0.418222,0.471083,0.440675,0.559766,0.422495,-0.023107,0.131634,0.151993,0.211945,0.17572,0.121258,0.126936
16,IP122,0.863636,0.942727,0.941818,0.951818,0.925455,0.519091,0.049627,0.022287,0.016364,0.016288,0.033476,0.028877,0.391631,0.808896,0.801984,0.832262,0.591656,0.096226,0.163213,0.194834,0.286344,0.159277,0.164028,0.030946,0.601818,0.532727,0.435455,0.632727,0.784571,0.503636,0.201884,0.197723,0.209858,0.102707,0.133046,0.157627,0.455901,0.615155,0.544486,0.706801,0.664086,0.161558,0.148101,0.168568,0.217522,0.090893,0.134433,0.051674,0.853321,0.918488,0.902202,0.894147,0.93644,0.5,0.077227,0.050377,0.066544,0.064378,0.048748,0.0,0.745854,0.758354,0.714222,0.808364,0.862333,0.512086,0.10403,0.097914,0.102821,0.050695,0.069274,0.086768,0.407731,0.615442,0.559147,0.695528,0.638277,0.014337,0.172596,0.164273,0.20964,0.099179,0.144165,0.100215
17,IP123,0.841818,0.915455,0.915455,0.913636,0.829091,0.522727,0.042094,0.014687,0.012889,0.015877,0.059028,0.034317,0.296228,0.591667,0.698333,0.583788,0.333041,0.1,0.106632,0.127065,0.347407,0.138263,0.13732,0.035849,0.436364,0.348182,0.169091,0.366364,0.69101,0.524545,0.121696,0.084114,0.090745,0.089447,0.154449,0.188691,0.341727,0.428522,0.261149,0.435573,0.439453,0.167956,0.087796,0.074947,0.131975,0.077039,0.143733,0.060214,0.74214,0.78242,0.784921,0.82468,0.847152,0.5,0.073374,0.077866,0.071086,0.077546,0.078441,0.0,0.659591,0.660576,0.580045,0.667662,0.767081,0.523535,0.059705,0.038979,0.045791,0.041159,0.090589,0.103784,0.270808,0.4077,0.304774,0.411855,0.395447,0.027259,0.105599,0.081577,0.157116,0.080706,0.160555,0.119443
18,IP124,0.826364,0.894545,0.902727,0.904545,0.722727,0.526364,0.039302,0.021969,0.016288,0.016886,0.055186,0.025857,0.191489,0.34619,0.431667,0.4625,0.216532,0.103774,0.100614,0.26155,0.394155,0.284538,0.06266,0.027015,0.267273,0.176364,0.109091,0.187273,0.732323,0.544545,0.134176,0.134607,0.104526,0.101818,0.141532,0.142205,0.219933,0.230622,0.163713,0.26044,0.332072,0.174306,0.110794,0.172726,0.149636,0.139893,0.083993,0.045358,0.65282,0.735658,0.742499,0.69767,0.766652,0.5,0.082549,0.101189,0.100974,0.097766,0.087497,0.0,0.57503,0.571672,0.546045,0.582136,0.727057,0.534535,0.070123,0.071933,0.054304,0.052921,0.082257,0.078213,0.130196,0.1943,0.169431,0.248645,0.285616,0.039916,0.125135,0.19389,0.184082,0.168151,0.111863,0.090002
19,IP125,0.822727,0.925455,0.930909,0.91,0.807273,0.51,0.045862,0.021436,0.0142,0.036466,0.03609,0.03,0.280963,0.618272,0.821667,0.615833,0.288381,0.086792,0.102289,0.167983,0.168663,0.239805,0.055281,0.030657,0.552727,0.465455,0.319091,0.407273,0.734141,0.456364,0.165485,0.19497,0.134192,0.153515,0.144633,0.164181,0.367788,0.517698,0.444222,0.451793,0.411849,0.145833,0.11889,0.175362,0.162861,0.160005,0.075657,0.051658,0.770248,0.851438,0.915601,0.853028,0.842444,0.5,0.090677,0.067314,0.056475,0.093162,0.072268,0.0,0.701288,0.718712,0.656045,0.684126,0.774483,0.485934,0.085253,0.096938,0.066925,0.074393,0.071516,0.090337,0.303584,0.49215,0.47442,0.43344,0.37472,-0.016514,0.138265,0.178502,0.147685,0.156017,0.096515,0.104141
20,IP126,0.839091,0.922727,0.925455,0.904545,0.798182,0.519091,0.03451,0.018741,0.015641,0.015877,0.035162,0.03,0.287056,0.644127,0.651905,0.520366,0.279495,0.096226,0.090485,0.152079,0.128773,0.190543,0.042514,0.030946,0.485455,0.387273,0.377273,0.297273,0.739444,0.505455,0.137822,0.15316,0.148672,0.100334,0.135562,0.164854,0.359837,0.470027,0.468207,0.358749,0.400812,0.161657,0.108211,0.133266,0.153327,0.079202,0.055956,0.052088,0.774124,0.841078,0.848882,0.78766,0.843737,0.5,0.072519,0.081503,0.076341,0.098497,0.072691,0.0,0.680157,0.682121,0.679126,0.631616,0.771591,0.512985,0.078692,0.076525,0.074199,0.045073,0.056479,0.090674,0.288122,0.455224,0.455615,0.335265,0.366099,0.014865,0.128296,0.137665,0.147348,0.088646,0.068491,0.104361
21,IP127,0.774545,0.919091,0.923636,0.905455,0.810909,0.515455,0.039375,0.016489,0.017814,0.013606,0.032218,0.025078,0.210433,0.687265,0.73,0.488095,0.303017,0.092453,0.044531,0.202621,0.251087,0.115298,0.046138,0.025939,0.522727,0.326364,0.268182,0.304545,0.788586,0.485455,0.13656,0.133079,0.128001,0.100021,0.109707,0.137822,0.297487,0.415104,0.384332,0.366688,0.434697,0.155308,0.064235,0.109499,0.158959,0.095273,0.051533,0.043632,0.701104,0.786222,0.797559,0.822658,0.860355,0.5,0.073379,0.059201,0.045267,0.073512,0.034948,0.0,0.661247,0.652657,0.629086,0.635258,0.800681,0.501985,0.061369,0.060517,0.066457,0.049522,0.043039,0.075806,0.222454,0.422203,0.407839,0.333415,0.40826,0.002208,0.082024,0.107649,0.17217,0.096328,0.058052,0.087246
22,IP128,0.741818,0.890909,0.906364,0.900909,0.545455,0.515455,0.036409,0.019917,0.004166,0.007551,0.120261,0.028762,0.078558,0.15,0.0,0.05,0.086842,0.092453,0.052075,0.320156,0.0,0.15,0.045385,0.029773,0.167273,0.019091,0.0,0.01,0.377374,0.485455,0.116008,0.038236,0.0,0.03,0.137034,0.158098,0.106237,0.033333,0.0,0.016667,0.137536,0.155308,0.071215,0.066667,0.0,0.05,0.060231,0.050084,0.481142,0.506457,0.45874,0.475485,0.487882,0.5,0.043603,0.064212,0.034183,0.083669,0.094248,0.0,0.483515,0.499045,0.499,0.500495,0.470207,0.501985,0.06242,0.025064,0.002,0.015242,0.079142,0.086957,-0.023406,0.014224,-0.006058,-0.001521,-0.03155,0.002208,0.089593,0.117044,0.012116,0.067046,0.100758,0.100075
23,IP129,0.875455,0.919091,0.921818,0.920909,0.832727,0.506364,0.032025,0.018829,0.014771,0.024069,0.027029,0.023724,0.37178,0.601905,0.616905,0.599802,0.332131,0.083019,0.108561,0.15822,0.253458,0.273764,0.054622,0.025594,0.457273,0.377273,0.32,0.36,0.813939,0.434545,0.139067,0.118757,0.132665,0.185472,0.166293,0.130086,0.404285,0.458168,0.414893,0.437465,0.469862,0.139385,0.110692,0.125005,0.160735,0.203109,0.078688,0.042719,0.815269,0.859461,0.843093,0.850373,0.879841,0.5,0.079708,0.083064,0.117316,0.070902,0.065392,0.0,0.687571,0.675616,0.651495,0.66899,0.824371,0.474035,0.073346,0.061833,0.065512,0.093902,0.082182,0.071577,0.341963,0.433388,0.406539,0.420942,0.448083,-0.0297,0.127273,0.134745,0.171274,0.214431,0.106036,0.082516
24,IP130,0.765455,0.896364,0.911818,0.891818,0.73,0.515455,0.067273,0.016861,0.0071,0.01793,0.06924,0.021532,0.181797,0.394524,0.366667,0.331319,0.221171,0.092453,0.051117,0.133475,0.458258,0.199859,0.058221,0.023031,0.404545,0.224545,0.058182,0.218182,0.73798,0.484545,0.114434,0.127794,0.076946,0.166441,0.194685,0.118185,0.243248,0.274977,0.098268,0.237344,0.337067,0.155258,0.056971,0.124453,0.127394,0.142097,0.084095,0.038492,0.701453,0.720836,0.75847,0.794359,0.805689,0.5,0.081672,0.127369,0.120883,0.072492,0.105634,0.0,0.603202,0.594253,0.528086,0.589086,0.733887,0.501535,0.041419,0.063193,0.03809,0.070096,0.096519,0.06502,0.150962,0.240232,0.132211,0.20539,0.294709,0.001944,0.065825,0.124922,0.171705,0.137092,0.12056,0.074911
25,IP131,0.908182,0.933636,0.939091,0.938182,0.875455,0.539091,0.013757,0.023016,0.018653,0.025649,0.026983,0.021532,0.494687,0.684719,0.761025,0.706061,0.418281,0.116981,0.075476,0.153964,0.154746,0.172267,0.064758,0.023566,0.536364,0.516364,0.515455,0.547273,0.862273,0.612727,0.177587,0.206378,0.173112,0.209596,0.108289,0.116008,0.506252,0.572706,0.596404,0.604916,0.560818,0.196429,0.109786,0.163787,0.142477,0.187058,0.072413,0.039093,0.868252,0.894936,0.92507,0.924988,0.922342,0.5,0.0575,0.069568,0.045452,0.051747,0.049299,0.0,0.741162,0.746182,0.748727,0.762631,0.869534,0.572136,0.084812,0.104309,0.085907,0.107036,0.05618,0.06394,0.461743,0.553001,0.587598,0.584409,0.544609,0.083689,0.119647,0.168884,0.141981,0.193347,0.084177,0.074286
26,IP132,0.801818,0.912727,0.913636,0.902727,0.730909,0.531818,0.045781,0.019156,0.008381,0.02441,0.096226,0.034796,0.20455,0.438333,0.45,0.517857,0.211188,0.109434,0.103746,0.35793,0.471699,0.335834,0.094689,0.036586,0.378182,0.189091,0.069091,0.228182,0.58798,0.573636,0.179678,0.17627,0.0778,0.168044,0.160625,0.190885,0.26137,0.256456,0.118415,0.286903,0.302715,0.18378,0.122413,0.223956,0.131067,0.183629,0.112228,0.061351,0.666548,0.730946,0.743844,0.728634,0.709685,0.5,0.122874,0.122643,0.099916,0.068695,0.124396,0.0,0.61149,0.58753,0.53404,0.599586,0.666414,0.550586,0.095198,0.088446,0.038788,0.084793,0.089889,0.105015,0.17252,0.249383,0.164789,0.278922,0.228523,0.058638,0.149264,0.240355,0.177546,0.200017,0.137607,0.12099
27,IP133,0.834545,0.925455,0.935455,0.920909,0.858182,0.511818,0.045236,0.015103,0.013757,0.015772,0.033328,0.022287,0.267567,0.747857,0.884762,0.616071,0.370668,0.088679,0.109882,0.194063,0.145278,0.156339,0.069514,0.023941,0.437273,0.347273,0.348182,0.426364,0.744672,0.464545,0.176722,0.113312,0.122781,0.102163,0.130566,0.122269,0.327174,0.454525,0.487615,0.494813,0.49275,0.148909,0.132628,0.102495,0.13478,0.101327,0.083264,0.039985,0.752526,0.843515,0.849736,0.847784,0.85253,0.5,0.104259,0.077301,0.089509,0.080933,0.07831,0.0,0.656045,0.665616,0.671586,0.698662,0.807199,0.490535,0.093402,0.05432,0.061323,0.051118,0.07083,0.067271,0.252621,0.465605,0.523894,0.46746,0.457348,-0.010714,0.153195,0.102346,0.123607,0.109802,0.103838,0.077527
28,IP134,0.849091,0.915455,0.917273,0.923636,0.833636,0.528182,0.050157,0.037273,0.010325,0.02307,0.03279,0.023863,0.328041,0.614087,0.6,0.675092,0.333044,0.10566,0.108182,0.209036,0.43589,0.206187,0.059701,0.026949,0.507273,0.438182,0.128182,0.467273,0.770707,0.551818,0.126935,0.115336,0.108973,0.130745,0.153305,0.124253,0.389813,0.497837,0.204679,0.527793,0.459824,0.177331,0.10328,0.141457,0.166524,0.111191,0.068344,0.044287,0.790543,0.882573,0.855896,0.90043,0.8766,0.5,0.053782,0.04603,0.059297,0.051337,0.087363,0.0,0.695576,0.701076,0.562591,0.718621,0.805817,0.538687,0.064102,0.063166,0.054049,0.062742,0.072731,0.068741,0.325404,0.469072,0.254312,0.510884,0.430602,0.045453,0.117885,0.159198,0.19444,0.120748,0.08916,0.081141
29,IP135,0.895455,0.944545,0.943636,0.94,0.922727,0.540909,0.026112,0.01793,0.025649,0.02307,0.026112,0.024813,0.452965,0.741089,0.777381,0.71561,0.5544,0.118868,0.100037,0.111435,0.204706,0.154814,0.097457,0.025384,0.643636,0.614545,0.584545,0.626364,0.877172,0.624545,0.173862,0.141725,0.122714,0.160909,0.105332,0.13673,0.528094,0.665861,0.659692,0.654276,0.677296,0.199702,0.117749,0.113888,0.138458,0.129942,0.101901,0.042786,0.87894,0.938174,0.945762,0.957023,0.956673,0.5,0.044943,0.034112,0.043864,0.036023,0.039607,0.0,0.782283,0.796263,0.782268,0.799167,0.902094,0.578535,0.089194,0.07222,0.067324,0.080589,0.059957,0.075181,0.483125,0.642862,0.641437,0.631494,0.659208,0.090546,0.137494,0.121616,0.157081,0.139517,0.111391,0.086409
