,ID,WD_AAR_FIR_LR_accuracy,WD_AAR_FIR_NN_accuracy,WD_AAR_FIR_SVM_accuracy,WD_AAR_FIR_LDA_accuracy,WD_AAR_FIR_PRK_accuracy,WD_AAR_FIR_RF_accuracy,WD_AAR_FIR_LR_std_accuracy,WD_AAR_FIR_NN_std_accuracy,WD_AAR_FIR_SVM_std_accuracy,WD_AAR_FIR_LDA_std_accuracy,WD_AAR_FIR_PRK_std_accuracy,WD_AAR_FIR_RF_std_accuracy,WD_AAR_FIR_LR_precision,WD_AAR_FIR_NN_precision,WD_AAR_FIR_SVM_precision,WD_AAR_FIR_LDA_precision,WD_AAR_FIR_PRK_precision,WD_AAR_FIR_RF_precision,WD_AAR_FIR_LR_std_precision,WD_AAR_FIR_NN_std_precision,WD_AAR_FIR_SVM_std_precision,WD_AAR_FIR_LDA_std_precision,WD_AAR_FIR_PRK_std_precision,WD_AAR_FIR_RF_std_precision,WD_AAR_FIR_LR_recall,WD_AAR_FIR_NN_recall,WD_AAR_FIR_SVM_recall,WD_AAR_FIR_LDA_recall,WD_AAR_FIR_PRK_recall,WD_AAR_FIR_RF_recall,WD_AAR_FIR_LR_std_recall,WD_AAR_FIR_NN_std_recall,WD_AAR_FIR_SVM_std_recall,WD_AAR_FIR_LDA_std_recall,WD_AAR_FIR_PRK_std_recall,WD_AAR_FIR_RF_std_recall,WD_AAR_FIR_LR_f1,WD_AAR_FIR_NN_f1,WD_AAR_FIR_SVM_f1,WD_AAR_FIR_LDA_f1,WD_AAR_FIR_PRK_f1,WD_AAR_FIR_RF_f1,WD_AAR_FIR_LR_std_f1,WD_AAR_FIR_NN_std_f1,WD_AAR_FIR_SVM_std_f1,WD_AAR_FIR_LDA_std_f1,WD_AAR_FIR_PRK_std_f1,WD_AAR_FIR_RF_std_f1,WD_AAR_FIR_LR_roc_auc,WD_AAR_FIR_NN_roc_auc,WD_AAR_FIR_SVM_roc_auc,WD_AAR_FIR_LDA_roc_auc,WD_AAR_FIR_PRK_roc_auc,WD_AAR_FIR_RF_roc_auc,WD_AAR_FIR_LR_std_roc_auc,WD_AAR_FIR_NN_std_roc_auc,WD_AAR_FIR_SVM_std_roc_auc,WD_AAR_FIR_LDA_std_roc_auc,WD_AAR_FIR_PRK_std_roc_auc,WD_AAR_FIR_RF_std_roc_auc,WD_AAR_FIR_LR_balanced_accuracy,WD_AAR_FIR_NN_balanced_accuracy,WD_AAR_FIR_SVM_balanced_accuracy,WD_AAR_FIR_LDA_balanced_accuracy,WD_AAR_FIR_PRK_balanced_accuracy,WD_AAR_FIR_RF_balanced_accuracy,WD_AAR_FIR_LR_std_balanced_accuracy,WD_AAR_FIR_NN_std_balanced_accuracy,WD_AAR_FIR_SVM_std_balanced_accuracy,WD_AAR_FIR_LDA_std_balanced_accuracy,WD_AAR_FIR_PRK_std_balanced_accuracy,WD_AAR_FIR_RF_std_balanced_accuracy,WD_AAR_FIR_LR_mcc,WD_AAR_FIR_NN_mcc,WD_AAR_FIR_SVM_mcc,WD_AAR_FIR_LDA_mcc,WD_AAR_FIR_PRK_mcc,WD_AAR_FIR_RF_mcc,WD_AAR_FIR_LR_std_mcc,WD_AAR_FIR_NN_std_mcc,WD_AAR_FIR_SVM_std_mcc,WD_AAR_FIR_LDA_std_mcc,WD_AAR_FIR_PRK_std_mcc,WD_AAR_FIR_RF_std_mcc
0,IP102,0.78298,0.91502,0.93298,0.899451,,0.518667,0.049181,0.031254,0.009329,0.032041,,0.037104,0.090309,0.183333,0.0,0.133333,,0.08,0.108218,0.320156,0.0,0.305505,,0.043818,0.241667,0.091667,0.0,0.05,,0.566667,0.269902,0.141667,0.0,0.1,,0.268225,0.129531,0.118571,0.0,0.068571,,0.139901,0.149905,0.187361,0.0,0.139503,,0.075128,0.584767,0.658437,0.7,0.598715,,0.5,0.135171,0.146939,0.156857,0.155971,,0.0,0.531915,0.53309,0.5,0.50492,,0.540248,0.14202,0.074505,0.0,0.056618,,0.143945,0.041567,0.096839,0.0,0.032013,,0.045533,0.189653,0.209442,0.0,0.175021,,0.144603
1,IP104,0.806131,0.915616,0.916616,0.923636,0.843232,0.498455,0.039673,0.016778,0.012507,0.025438,0.037598,0.027433,0.201102,0.575,0.6,0.554762,0.32913,0.088,0.091263,0.200909,0.351188,0.257348,0.059845,0.029933,0.416667,0.309722,0.138889,0.372222,0.723009,0.5,0.197886,0.120769,0.085842,0.213889,0.102133,0.158723,0.270227,0.383269,0.219798,0.436268,0.449031,0.14962,0.12539,0.128111,0.128846,0.233517,0.065979,0.05038,0.701457,0.777941,0.835923,0.824438,0.85145,0.5,0.101567,0.07976,0.071399,0.074091,0.070524,0.0,0.630159,0.64165,0.565043,0.674536,0.788682,0.498913,0.104849,0.060691,0.044187,0.10886,0.052491,0.086979,0.190027,0.368442,0.255175,0.412689,0.414498,0.000377,0.153466,0.123021,0.161973,0.240071,0.076868,0.096707
2,IP105,0.861837,0.922766,0.923853,0.914011,0.877078,0.500502,0.02987,0.021375,0.013655,0.022637,0.037579,0.034114,0.350051,0.656667,0.916667,0.647265,0.436281,0.104255,0.096676,0.19355,0.170783,0.23838,0.103814,0.03617,0.508333,0.413889,0.220833,0.377778,0.787648,0.556944,0.15431,0.132753,0.102712,0.117818,0.089612,0.177262,0.408794,0.498168,0.345556,0.454927,0.552785,0.175584,0.106406,0.14695,0.137466,0.099473,0.09159,0.060142,0.84188,0.850703,0.882504,0.893225,0.916561,0.5,0.045596,0.062792,0.035366,0.038658,0.025565,0.0,0.703686,0.694925,0.609212,0.673836,0.837481,0.525489,0.078137,0.067215,0.052043,0.054399,0.050885,0.098177,0.345368,0.478758,0.418232,0.441456,0.523757,0.031636,0.124103,0.156308,0.127108,0.127719,0.094298,0.114748
3,IP106,0.8654,0.918913,0.925823,0.91779,0.743117,0.491954,0.028757,0.019607,0.007396,0.01526,0.052218,0.034677,0.225796,0.497619,0.4,0.463333,0.177736,0.08,0.124298,0.325277,0.43589,0.335341,0.071597,0.034712,0.319048,0.219048,0.071429,0.233333,0.620238,0.533333,0.174054,0.112587,0.071429,0.180952,0.206073,0.227926,0.25671,0.285528,0.119444,0.274745,0.272815,0.139065,0.128459,0.143785,0.119831,0.180722,0.102428,0.060148,0.705193,0.736105,0.742725,0.743194,0.768896,0.5,0.087177,0.101179,0.136519,0.080531,0.112528,0.0,0.614439,0.597795,0.533862,0.603696,0.685946,0.510795,0.079455,0.056336,0.035205,0.086307,0.100841,0.123439,0.194053,0.283852,0.153634,0.269128,0.227534,0.012507,0.136762,0.164676,0.16618,0.189074,0.127246,0.129531
4,IP107,0.755742,0.89652,0.910934,0.905174,0.815247,0.510577,0.053374,0.018264,0.008477,0.015075,0.039458,0.03003,0.166736,0.426984,0.4,0.450357,0.291914,0.094118,0.066136,0.241687,0.374166,0.200409,0.083118,0.031373,0.391111,0.24,0.082222,0.277778,0.635227,0.495556,0.16717,0.140035,0.087799,0.143673,0.10516,0.166681,0.2318,0.288784,0.134033,0.332608,0.39527,0.158142,0.091801,0.137612,0.137149,0.146538,0.087879,0.052706,0.669818,0.751068,0.787294,0.781205,0.827707,0.5,0.08724,0.102097,0.072707,0.056168,0.059719,0.0,0.592039,0.602032,0.539,0.623575,0.734317,0.503858,0.091495,0.068366,0.043412,0.066966,0.057787,0.091375,0.131103,0.258836,0.162644,0.304997,0.340529,0.004363,0.12474,0.151746,0.162648,0.143761,0.098395,0.105747
5,IP108,0.76205,0.919151,0.929296,0.923478,0.769193,0.544161,0.056908,0.019771,0.004269,0.020614,0.045782,0.037326,0.092853,0.26,0.0,0.441667,0.18533,0.099376,0.084703,0.344093,0.0,0.329246,0.078472,0.036158,0.27,0.14,0.0,0.225,0.655357,0.68,0.245153,0.200998,0.0,0.140089,0.204513,0.256125,0.13121,0.166349,0.0,0.284921,0.27921,0.173309,0.114011,0.217613,0.0,0.175043,0.097596,0.063123,0.591649,0.677202,0.663115,0.794053,0.757346,0.5,0.171198,0.130592,0.109206,0.091273,0.119512,0.0,0.534976,0.559123,0.5,0.600841,0.717601,0.607115,0.113917,0.099945,0.0,0.071301,0.108879,0.138498,0.04264,0.148402,0.0,0.273778,0.250793,0.108374,0.149033,0.234674,0.0,0.196919,0.115053,0.140185
6,IP109,0.842522,0.865482,0.907566,0.900197,0.692292,0.471623,0.04718,0.04961,0.007834,0.022256,0.072065,0.015312,0.265687,0.308409,0.033333,0.366667,0.186927,0.055319,0.145922,0.222792,0.1,0.308761,0.042988,0.017021,0.397222,0.258333,0.0125,0.172222,0.713921,0.304167,0.202054,0.164476,0.0375,0.147536,0.179007,0.091382,0.311486,0.260068,0.018182,0.22225,0.289559,0.093571,0.160889,0.170546,0.054545,0.175167,0.054486,0.028616,0.731725,0.726769,0.666059,0.749107,0.783505,0.5,0.115189,0.082545,0.077351,0.052453,0.067477,0.0,0.641594,0.59171,0.503938,0.57169,0.703135,0.396029,0.107277,0.084849,0.015856,0.074409,0.079002,0.049927,0.238261,0.202149,0.009526,0.200474,0.241994,-0.118073,0.182405,0.191605,0.052499,0.194177,0.081746,0.054697
7,IP111,0.813333,0.919283,0.923313,0.927323,0.825404,0.508576,0.05209,0.014923,0.01368,0.023865,0.030439,0.027482,0.263313,0.580476,0.666667,0.633254,0.306324,0.1,0.094999,0.244109,0.37081,0.229392,0.038017,0.030984,0.579167,0.323611,0.198611,0.4875,0.793525,0.568056,0.19603,0.156895,0.131915,0.204733,0.196099,0.158413,0.358456,0.393091,0.292688,0.527799,0.437734,0.170018,0.120042,0.166711,0.179091,0.178175,0.063812,0.051915,0.77478,0.784987,0.821201,0.926948,0.877478,0.5,0.099262,0.081888,0.080326,0.044537,0.091016,0.0,0.707697,0.650194,0.595991,0.728823,0.810908,0.535163,0.109158,0.075819,0.065125,0.100661,0.085956,0.086702,0.29879,0.381455,0.329532,0.507721,0.418689,0.041689,0.155175,0.162261,0.19247,0.190446,0.093679,0.097532
8,IP112,0.881053,0.928421,0.935789,0.918947,0.767368,0.510526,0.022105,0.018712,0.013684,0.021079,0.035054,0.029492,0.332121,0.620952,0.8,0.568095,0.227478,0.089362,0.113751,0.288339,0.31225,0.221884,0.057005,0.03127,0.428571,0.325,0.2875,0.314286,0.744246,0.528571,0.166177,0.195256,0.16817,0.185783,0.16637,0.178607,0.368722,0.403814,0.39877,0.372902,0.347922,0.152862,0.127386,0.211676,0.200375,0.168737,0.084172,0.053243,0.793298,0.823545,0.84755,0.834556,0.845936,0.5,0.099516,0.095568,0.094249,0.078854,0.106468,0.0,0.675264,0.653886,0.640876,0.643931,0.756702,0.518603,0.083471,0.097126,0.082746,0.0906,0.091457,0.09734,0.311045,0.403192,0.441431,0.365319,0.318944,0.021407,0.139543,0.211795,0.191244,0.164212,0.115375,0.107148
9,IP113,0.809556,0.891486,0.905319,0.891473,0.728696,0.480299,0.039047,0.022532,0.00441,0.018716,0.054474,0.03251,0.194894,0.336667,0.0,0.31,0.209003,0.091111,0.110383,0.32573,0.0,0.216436,0.052022,0.030551,0.329167,0.134722,0.0,0.147222,0.655022,0.5,0.176236,0.128358,0.0,0.106719,0.143534,0.169535,0.243705,0.178268,0.0,0.194985,0.312092,0.154088,0.134718,0.157219,0.0,0.136085,0.063832,0.051685,0.648587,0.663358,0.687866,0.723243,0.732941,0.5,0.101789,0.095708,0.083605,0.101809,0.101361,0.0,0.594395,0.552674,0.5,0.558283,0.696092,0.489135,0.092821,0.061719,0.0,0.053337,0.067908,0.093952,0.15015,0.156686,0.0,0.161147,0.250383,-0.01281,0.15413,0.189378,0.0,0.148581,0.085076,0.109203
10,IP114,0.677815,0.898666,0.904704,0.863885,0.500882,0.537019,0.039008,0.019047,0.006714,0.031553,0.115522,0.020302,0.070482,0.2,0.0,0.025,0.097292,0.109173,0.058609,0.4,0.0,0.075,0.03763,0.024824,0.207143,0.033333,0.0,0.014286,0.501905,0.538095,0.174005,0.066667,0.0,0.042857,0.177133,0.111778,0.105096,0.057143,0.0,0.018182,0.160896,0.181402,0.087537,0.114286,0.0,0.054545,0.059736,0.040378,0.435106,0.438946,0.504702,0.505477,0.477108,0.5,0.130409,0.096858,0.132291,0.133076,0.101637,0.0,0.467328,0.511653,0.5,0.483668,0.50087,0.537437,0.089486,0.036561,0.0,0.02565,0.081725,0.061173,-0.045673,0.059147,0.0,-0.046478,0.002411,0.044368,0.118516,0.168108,0.0,0.060049,0.096785,0.072343
11,IP115,0.782647,0.894195,0.911948,0.901935,0.7303,0.495955,0.048325,0.026161,0.005719,0.024261,0.078273,0.041544,0.154663,0.336667,0.05,0.365,0.170911,0.093478,0.072571,0.356043,0.15,0.252152,0.058464,0.041304,0.332143,0.117857,0.0125,0.196429,0.525278,0.544643,0.14708,0.093882,0.0375,0.138551,0.164905,0.231214,0.209813,0.16405,0.02,0.253753,0.254688,0.159539,0.096328,0.135179,0.06,0.176865,0.080539,0.070108,0.625542,0.606561,0.668,0.75058,0.721272,0.5,0.118165,0.112063,0.106354,0.097591,0.067961,0.0,0.578786,0.543067,0.50503,0.58294,0.637219,0.517729,0.078852,0.050917,0.01722,0.073683,0.07942,0.12741,0.114477,0.143284,0.018467,0.21949,0.176327,0.021675,0.116781,0.180338,0.067168,0.196143,0.107414,0.142834
12,IP116,0.730297,0.892635,0.912321,0.892635,0.523462,0.506442,0.040202,0.01012,0.005738,0.008288,0.129137,0.030832,0.075751,0.0,0.0,0.025,0.078662,0.092105,0.064699,0.0,0.0,0.075,0.041826,0.031688,0.190476,0.0,0.0,0.016667,0.370476,0.519048,0.168695,0.0,0.0,0.05,0.137697,0.166939,0.1078,0.0,0.0,0.02,0.126956,0.156364,0.093235,0.0,0.0,0.06,0.061003,0.053198,0.497109,0.528463,0.500976,0.493805,0.474703,0.5,0.07423,0.109219,0.137134,0.10505,0.100309,0.0,0.486149,0.489244,0.5,0.496853,0.454706,0.512019,0.086729,0.00732,0.0,0.02241,0.092763,0.092259,-0.019829,-0.038067,0.0,-0.020829,-0.048874,0.014441,0.118514,0.020738,0.0,0.058855,0.107946,0.104375
13,IP117,0.784396,0.903188,0.911884,0.881208,0.546473,0.488986,0.055339,0.019544,0.000947,0.029315,0.13605,0.030248,0.105801,0.233333,0.0,0.236667,0.102489,0.082609,0.125333,0.326599,0.0,0.308563,0.049533,0.030435,0.175,0.1,0.0,0.15,0.503333,0.475,0.195256,0.122474,0.0,0.165831,0.212237,0.175,0.129293,0.135238,0.0,0.164127,0.166465,0.140741,0.14647,0.167619,0.0,0.171099,0.075795,0.051852,0.605807,0.598577,0.521777,0.663705,0.546709,0.5,0.157622,0.174876,0.172024,0.165051,0.108257,0.0,0.509103,0.54036,0.5,0.550871,0.527672,0.482651,0.108575,0.060035,0.0,0.078837,0.097714,0.095439,0.019175,0.120373,0.0,0.122389,0.034969,-0.019596,0.174603,0.18535,0.0,0.196272,0.116557,0.10802
14,IP120,0.893684,0.946316,0.927368,0.943158,0.907368,0.486316,0.025109,0.017264,0.01099,0.011722,0.01811,0.028557,0.47883,0.798323,0.876667,0.758095,0.506718,0.076596,0.094933,0.124904,0.156205,0.124085,0.06097,0.028861,0.655556,0.6,0.288889,0.644444,0.938131,0.4,0.116003,0.158698,0.101835,0.129577,0.071418,0.150718,0.541115,0.671701,0.420666,0.678984,0.655265,0.128571,0.065787,0.116515,0.120545,0.066798,0.061478,0.048445,0.899742,0.953747,0.961499,0.955168,0.970483,0.5,0.035251,0.046836,0.030127,0.030787,0.022882,0.0,0.78708,0.791279,0.641537,0.809432,0.921358,0.447674,0.049785,0.078019,0.05043,0.058467,0.038179,0.083246,0.499181,0.658844,0.467252,0.661143,0.647186,-0.061298,0.072661,0.119954,0.102384,0.067863,0.060982,0.09752
15,IP121,0.897822,0.920314,0.924079,0.938071,0.858385,0.498589,0.01768,0.01797,0.01067,0.020911,0.046297,0.02223,0.454771,0.570317,0.75,0.751021,0.374671,0.070588,0.093488,0.156719,0.30957,0.19753,0.105445,0.023529,0.481111,0.386667,0.212222,0.487778,0.719747,0.371111,0.116221,0.191601,0.128183,0.205087,0.12405,0.119381,0.459066,0.445687,0.317656,0.570146,0.489269,0.118579,0.079563,0.185445,0.170482,0.177604,0.114501,0.039262,0.786254,0.797159,0.810848,0.829404,0.849734,0.5,0.081233,0.076813,0.059496,0.063578,0.083496,0.0,0.710143,0.679931,0.603534,0.735126,0.795872,0.441226,0.054789,0.094519,0.063218,0.102784,0.076326,0.065818,0.408464,0.422307,0.365414,0.564916,0.449643,-0.067601,0.087634,0.179401,0.172513,0.180182,0.13188,0.076522
16,IP122,0.883904,0.927099,0.908534,0.959228,0.939491,0.499336,0.04346,0.023655,0.012552,0.009591,0.028901,0.02959,0.463408,0.638889,0.35,0.899048,0.675847,0.100122,0.13576,0.253677,0.45,0.105486,0.1529,0.031512,0.667857,0.498214,0.076786,0.666071,0.81381,0.523214,0.127825,0.220657,0.115465,0.084911,0.137567,0.15772,0.537418,0.548109,0.121212,0.757656,0.72074,0.168034,0.12201,0.214439,0.172842,0.060201,0.113409,0.052489,0.877997,0.891982,0.868071,0.914747,0.927194,0.5,0.051633,0.073222,0.093214,0.064383,0.070403,0.0,0.787483,0.735436,0.537023,0.82825,0.883754,0.509895,0.071021,0.110961,0.057861,0.040444,0.065205,0.08676,0.491658,0.521372,0.146463,0.750112,0.702683,0.012303,0.136222,0.227686,0.205082,0.061682,0.115697,0.102406
17,IP123,0.838006,0.914636,0.913418,0.914636,0.794193,0.49818,0.041532,0.02023,0.003892,0.0232,0.084175,0.018504,0.239665,0.533333,0.1,0.538611,0.268527,0.0875,0.112754,0.341971,0.3,0.184292,0.135826,0.020156,0.357143,0.242857,0.014286,0.371429,0.63254,0.5,0.172023,0.169633,0.042857,0.182946,0.185892,0.115175,0.280282,0.317172,0.025,0.42087,0.365209,0.148936,0.126311,0.193258,0.075,0.163719,0.148248,0.034307,0.685698,0.761611,0.767925,0.808589,0.779173,0.5,0.139394,0.121325,0.125151,0.109204,0.12739,0.0,0.620733,0.611088,0.507143,0.6692,0.721138,0.498982,0.08861,0.084318,0.021429,0.090717,0.112911,0.0621,0.20338,0.31326,0.036333,0.394973,0.311562,-0.001029,0.146599,0.219801,0.108998,0.170862,0.174338,0.070485
18,IP124,0.898413,0.919048,0.931746,0.909524,0.696825,0.553968,0.046114,0.025047,0.007274,0.01746,0.072549,0.027902,0.256944,0.133333,0.0,0.033333,0.094321,0.103333,0.218833,0.305505,0.0,0.1,0.067863,0.031447,0.215,0.05,0.0,0.04,0.35881,0.72,0.174714,0.1,0.0,0.12,0.231043,0.202731,0.21967,0.068571,0.0,0.036364,0.148184,0.180504,0.174602,0.139503,0.0,0.109091,0.103079,0.053966,0.654442,0.654404,0.604018,0.727089,0.580191,0.5,0.151562,0.162345,0.105189,0.10148,0.142974,0.0,0.581813,0.516452,0.5,0.506353,0.538769,0.63088,0.088693,0.051201,0.0,0.053726,0.127391,0.108777,0.1786,0.054124,0.0,-0.001696,0.053473,0.132242,0.188815,0.167448,0.0,0.103377,0.140361,0.10996
19,IP125,0.835308,0.939011,0.92371,0.937876,0.877938,0.50172,0.031244,0.01942,0.012661,0.015364,0.035158,0.029386,0.317799,0.84,0.866667,0.737381,0.431993,0.104255,0.059814,0.178606,0.305505,0.12254,0.111475,0.02925,0.661111,0.475,0.191667,0.531944,0.825469,0.579167,0.147144,0.148267,0.114497,0.168056,0.10106,0.172921,0.426417,0.58372,0.302626,0.600054,0.558717,0.176623,0.079929,0.134342,0.159585,0.132725,0.103042,0.049905,0.830264,0.873956,0.903156,0.915084,0.941097,0.5,0.064267,0.053588,0.057981,0.053516,0.043651,0.0,0.757205,0.730909,0.595238,0.755767,0.854645,0.536593,0.074377,0.071932,0.056972,0.082249,0.05356,0.09405,0.377909,0.592089,0.378847,0.586253,0.537368,0.041862,0.101732,0.127262,0.160636,0.124066,0.102812,0.107419
20,IP126,0.819503,0.911203,0.917076,0.912174,0.822359,0.514154,0.034108,0.019305,0.014588,0.021014,0.032469,0.032719,0.231906,0.433398,0.575,0.51369,0.296996,0.092,0.089939,0.222583,0.371652,0.226806,0.074437,0.033705,0.455556,0.311111,0.166667,0.311111,0.743323,0.511111,0.17533,0.221108,0.124226,0.163299,0.153169,0.187248,0.304919,0.35172,0.246643,0.372405,0.422146,0.155932,0.115193,0.20931,0.172947,0.165764,0.096701,0.057126,0.761361,0.816032,0.84357,0.823942,0.861099,0.5,0.069829,0.068518,0.069041,0.088043,0.066366,0.0,0.655026,0.640027,0.57798,0.640559,0.786044,0.512774,0.088938,0.109352,0.062758,0.082515,0.074594,0.1025,0.231948,0.318296,0.269525,0.348324,0.392022,0.014491,0.135877,0.216583,0.194815,0.177247,0.110307,0.116122
21,IP127,0.786203,0.923876,0.919071,0.916603,0.782604,0.508463,0.041912,0.019673,0.012206,0.021499,0.036993,0.029797,0.211796,0.6625,0.6,0.552976,0.255443,0.107475,0.063182,0.334607,0.442217,0.213995,0.048802,0.029782,0.523214,0.267857,0.126786,0.382143,0.799802,0.646429,0.117383,0.162294,0.099888,0.131756,0.170853,0.17383,0.299964,0.354444,0.201667,0.438215,0.384503,0.184264,0.080491,0.188979,0.150904,0.132954,0.070014,0.05073,0.715189,0.72303,0.731627,0.83269,0.847529,0.5,0.064147,0.086325,0.102977,0.061,0.07284,0.0,0.667151,0.626639,0.560095,0.674536,0.790854,0.570916,0.068847,0.078725,0.050559,0.066232,0.086876,0.09502,0.230288,0.375087,0.245918,0.410523,0.365555,0.079847,0.101539,0.191226,0.192817,0.151337,0.099673,0.106276
22,IP128,0.750255,0.884755,0.905107,0.886977,0.55143,0.465462,0.043237,0.009728,0.005096,0.016208,0.074558,0.02982,0.105861,0.025,0.0,0.033333,0.10003,0.072319,0.083659,0.075,0.0,0.1,0.037325,0.032208,0.188889,0.011111,0.0,0.011111,0.453391,0.388889,0.091751,0.033333,0.0,0.033333,0.117782,0.165971,0.131947,0.015385,0.0,0.016667,0.162187,0.121916,0.082541,0.046154,0.0,0.05,0.054655,0.053888,0.540592,0.43876,0.493208,0.504431,0.524029,0.5,0.063445,0.099751,0.073125,0.067656,0.086454,0.0,0.498951,0.493704,0.5,0.494931,0.507593,0.431019,0.058773,0.015601,0.0,0.018528,0.074456,0.090748,0.005249,-0.027303,0.0,-0.017623,0.009177,-0.079899,0.10243,0.047972,0.0,0.059713,0.090626,0.105747
23,IP129,0.867308,0.922115,0.927885,0.925,0.848077,0.520192,0.038892,0.02487,0.01786,0.025367,0.030649,0.033156,0.355779,0.627778,0.771667,0.685476,0.361664,0.105882,0.150042,0.27484,0.306961,0.221417,0.057361,0.034187,0.485556,0.374444,0.281111,0.396667,0.805303,0.556667,0.188827,0.176177,0.142902,0.157217,0.117214,0.173735,0.405303,0.46097,0.405778,0.489881,0.498686,0.177869,0.160562,0.200142,0.190555,0.179923,0.075733,0.057055,0.815872,0.835694,0.843234,0.862877,0.892614,0.5,0.074086,0.078273,0.088199,0.059532,0.059494,0.0,0.696154,0.676612,0.637902,0.688261,0.828886,0.536553,0.100248,0.090344,0.072837,0.080762,0.066149,0.096027,0.341968,0.443938,0.436658,0.479729,0.471726,0.042527,0.179611,0.217835,0.206095,0.187646,0.096544,0.112855
24,IP130,0.809836,0.889071,0.908989,0.897514,0.569754,0.508279,0.070584,0.027887,0.007692,0.04194,0.105202,0.049117,0.256932,0.22,0.0,0.47619,0.12552,0.082759,0.126992,0.247296,0.0,0.316407,0.047086,0.053864,0.466667,0.126667,0.0,0.273333,0.582857,0.43,0.248104,0.143604,0.0,0.155492,0.175057,0.275459,0.317449,0.153333,0.0,0.338535,0.201218,0.138655,0.141144,0.170587,0.0,0.203067,0.060059,0.089869,0.764431,0.732989,0.627809,0.81236,0.669173,0.5,0.116513,0.193171,0.143772,0.134639,0.113168,0.0,0.655084,0.54601,0.5,0.616633,0.575859,0.472778,0.127278,0.07036,0.0,0.087333,0.079395,0.151166,0.244448,0.116901,0.0,0.304508,0.092933,-0.029401,0.183025,0.178713,0.0,0.236489,0.098621,0.172512
25,IP131,0.905935,0.926013,0.933415,0.936596,0.846674,0.513751,0.022286,0.017047,0.014156,0.014842,0.037803,0.035129,0.516298,0.6525,0.841667,0.730952,0.366977,0.106383,0.123418,0.150603,0.17658,0.124894,0.091569,0.035603,0.566667,0.488889,0.4,0.566667,0.833492,0.555556,0.182236,0.180534,0.133333,0.17533,0.161115,0.185924,0.524451,0.54296,0.523362,0.617099,0.504617,0.178571,0.125103,0.138889,0.121991,0.116113,0.107264,0.059761,0.860537,0.887492,0.914236,0.936879,0.92545,0.5,0.068546,0.065024,0.038327,0.034341,0.051242,0.0,0.754134,0.730423,0.69474,0.771069,0.840839,0.532449,0.088197,0.088484,0.065157,0.084194,0.080954,0.102565,0.482944,0.519226,0.541712,0.600777,0.484452,0.038115,0.133791,0.143846,0.115189,0.111345,0.12177,0.120343
26,IP132,0.796306,0.897565,0.913858,0.903393,0.653187,0.484241,0.04219,0.018553,0.005625,0.023799,0.105783,0.02833,0.128923,0.3,0.0,0.341667,0.151605,0.08899,0.089338,0.221108,0.0,0.277414,0.070164,0.027951,0.226786,0.107143,0.0,0.191071,0.573214,0.541071,0.180357,0.077837,0.0,0.192336,0.182381,0.169229,0.160391,0.156768,0.0,0.232883,0.235859,0.152763,0.115455,0.113539,0.0,0.208876,0.101158,0.047807,0.579932,0.620799,0.667724,0.675508,0.640033,0.5,0.14132,0.10826,0.082678,0.127211,0.135925,0.0,0.538287,0.539566,0.5,0.580889,0.616777,0.510012,0.094851,0.045014,0.0,0.096861,0.124813,0.092112,0.061374,0.131706,0.0,0.203476,0.146831,0.011015,0.139454,0.141131,0.0,0.224789,0.150827,0.103365
27,IP133,0.855696,0.929114,0.936709,0.918987,0.831646,0.494937,0.02207,0.026673,0.018775,0.024805,0.04495,0.016456,0.242888,0.625,0.75,0.631389,0.293401,0.0825,0.097595,0.327384,0.403113,0.247111,0.103173,0.019526,0.430952,0.347619,0.254762,0.407143,0.7075,0.504762,0.226991,0.203484,0.21745,0.167498,0.17088,0.09689,0.30506,0.426512,0.353506,0.440093,0.406056,0.141721,0.137808,0.228949,0.258789,0.147973,0.115882,0.032519,0.788563,0.842748,0.856325,0.84582,0.850272,0.5,0.059471,0.097249,0.089146,0.071726,0.101552,0.0,0.662346,0.664125,0.625992,0.686401,0.775246,0.499289,0.101741,0.103925,0.108607,0.079883,0.084015,0.052925,0.24734,0.421205,0.401435,0.435895,0.377743,1.9e-05,0.149434,0.239784,0.256366,0.129196,0.126496,0.058919
28,IP134,0.861657,0.914523,0.908442,0.929808,0.836364,0.512678,0.033729,0.024714,0.000425,0.025117,0.046156,0.031855,0.333926,0.546508,0.0,0.671429,0.353757,0.105388,0.117742,0.148285,0.0,0.181333,0.092888,0.03215,0.533333,0.422222,0.0,0.5,0.845909,0.577778,0.247456,0.209644,0.0,0.173916,0.159428,0.177778,0.40331,0.459666,0.0,0.558514,0.490821,0.178258,0.149014,0.163694,0.0,0.162738,0.10308,0.054448,0.822776,0.871401,0.759305,0.912988,0.929527,0.5,0.085698,0.065458,0.08459,0.038131,0.043306,0.0,0.714076,0.693171,0.5,0.736579,0.840825,0.54196,0.117574,0.104786,0.0,0.089218,0.07809,0.097431,0.347225,0.428099,0.0,0.536157,0.475595,0.048333,0.174295,0.17233,0.0,0.169501,0.115471,0.112365
29,IP135,0.909359,0.93879,0.936542,0.952362,0.909257,0.499987,0.026097,0.02496,0.019005,0.018883,0.026491,0.023146,0.496133,0.692262,0.817381,0.774903,0.500604,0.097295,0.12279,0.146386,0.176216,0.147547,0.095965,0.026442,0.651786,0.55,0.367857,0.707143,0.908929,0.566071,0.155726,0.205598,0.214613,0.145992,0.060001,0.135773,0.556742,0.599872,0.473104,0.721601,0.640438,0.165992,0.11696,0.165545,0.205661,0.096205,0.083455,0.044326,0.90722,0.925782,0.939403,0.972806,0.950102,0.5,0.050042,0.033934,0.031939,0.021058,0.029436,0.0,0.793015,0.763194,0.679569,0.841758,0.909139,0.529641,0.080536,0.105183,0.106514,0.070705,0.034836,0.074043,0.517649,0.579294,0.500588,0.707067,0.631939,0.03494,0.133097,0.173364,0.180538,0.102623,0.082097,0.083141
