,ID,WD_SAR_IIR_LR_accuracy,WD_SAR_IIR_NN_accuracy,WD_SAR_IIR_SVM_accuracy,WD_SAR_IIR_LDA_accuracy,WD_SAR_IIR_PRK_accuracy,WD_SAR_IIR_RF_accuracy,WD_SAR_IIR_LR_std_accuracy,WD_SAR_IIR_NN_std_accuracy,WD_SAR_IIR_SVM_std_accuracy,WD_SAR_IIR_LDA_std_accuracy,WD_SAR_IIR_PRK_std_accuracy,WD_SAR_IIR_RF_std_accuracy,WD_SAR_IIR_LR_precision,WD_SAR_IIR_NN_precision,WD_SAR_IIR_SVM_precision,WD_SAR_IIR_LDA_precision,WD_SAR_IIR_PRK_precision,WD_SAR_IIR_RF_precision,WD_SAR_IIR_LR_std_precision,WD_SAR_IIR_NN_std_precision,WD_SAR_IIR_SVM_std_precision,WD_SAR_IIR_LDA_std_precision,WD_SAR_IIR_PRK_std_precision,WD_SAR_IIR_RF_std_precision,WD_SAR_IIR_LR_recall,WD_SAR_IIR_NN_recall,WD_SAR_IIR_SVM_recall,WD_SAR_IIR_LDA_recall,WD_SAR_IIR_PRK_recall,WD_SAR_IIR_RF_recall,WD_SAR_IIR_LR_std_recall,WD_SAR_IIR_NN_std_recall,WD_SAR_IIR_SVM_std_recall,WD_SAR_IIR_LDA_std_recall,WD_SAR_IIR_PRK_std_recall,WD_SAR_IIR_RF_std_recall,WD_SAR_IIR_LR_f1,WD_SAR_IIR_NN_f1,WD_SAR_IIR_SVM_f1,WD_SAR_IIR_LDA_f1,WD_SAR_IIR_PRK_f1,WD_SAR_IIR_RF_f1,WD_SAR_IIR_LR_std_f1,WD_SAR_IIR_NN_std_f1,WD_SAR_IIR_SVM_std_f1,WD_SAR_IIR_LDA_std_f1,WD_SAR_IIR_PRK_std_f1,WD_SAR_IIR_RF_std_f1,WD_SAR_IIR_LR_roc_auc,WD_SAR_IIR_NN_roc_auc,WD_SAR_IIR_SVM_roc_auc,WD_SAR_IIR_LDA_roc_auc,WD_SAR_IIR_PRK_roc_auc,WD_SAR_IIR_RF_roc_auc,WD_SAR_IIR_LR_std_roc_auc,WD_SAR_IIR_NN_std_roc_auc,WD_SAR_IIR_SVM_std_roc_auc,WD_SAR_IIR_LDA_std_roc_auc,WD_SAR_IIR_PRK_std_roc_auc,WD_SAR_IIR_RF_std_roc_auc,WD_SAR_IIR_LR_balanced_accuracy,WD_SAR_IIR_NN_balanced_accuracy,WD_SAR_IIR_SVM_balanced_accuracy,WD_SAR_IIR_LDA_balanced_accuracy,WD_SAR_IIR_PRK_balanced_accuracy,WD_SAR_IIR_RF_balanced_accuracy,WD_SAR_IIR_LR_std_balanced_accuracy,WD_SAR_IIR_NN_std_balanced_accuracy,WD_SAR_IIR_SVM_std_balanced_accuracy,WD_SAR_IIR_LDA_std_balanced_accuracy,WD_SAR_IIR_PRK_std_balanced_accuracy,WD_SAR_IIR_RF_std_balanced_accuracy,WD_SAR_IIR_LR_mcc,WD_SAR_IIR_NN_mcc,WD_SAR_IIR_SVM_mcc,WD_SAR_IIR_LDA_mcc,WD_SAR_IIR_PRK_mcc,WD_SAR_IIR_RF_mcc,WD_SAR_IIR_LR_std_mcc,WD_SAR_IIR_NN_std_mcc,WD_SAR_IIR_SVM_std_mcc,WD_SAR_IIR_LDA_std_mcc,WD_SAR_IIR_PRK_std_mcc,WD_SAR_IIR_RF_std_mcc
0,IP102,0.796646,0.916846,0.924834,0.888146,0.549283,0.534204,0.038563,0.019737,0.006989,0.029747,0.084958,0.042204,0.10492,0.325,0.0,0.125,0.106084,0.093333,0.09422,0.447912,0.0,0.154785,0.034095,0.044222,0.265,0.085,0.0,0.09,0.765714,0.59,0.266505,0.105,0.0,0.111355,0.264591,0.276405,0.146116,0.128889,0.0,0.104365,0.181502,0.161008,0.133213,0.162936,0.0,0.128929,0.056959,0.075987,0.603504,0.621484,0.660296,0.65351,0.697422,0.5,0.09221,0.168217,0.122262,0.090827,0.152492,0.0,0.552917,0.534726,0.5,0.521664,0.65091,0.55967,0.126372,0.054461,0.0,0.060211,0.113816,0.149975,0.064162,0.132139,0.0,0.049224,0.13516,0.064268,0.166816,0.217307,0.0,0.139622,0.093857,0.155569
1,IP104,0.828018,0.906701,0.91919,0.918116,0.80814,0.530573,0.033789,0.019826,0.016462,0.022445,0.046523,0.028436,0.204234,0.512143,0.665,0.534524,0.287117,0.111525,0.110673,0.287436,0.31863,0.19434,0.090217,0.029638,0.386111,0.258333,0.2125,0.366667,0.746775,0.630556,0.239179,0.103786,0.144878,0.167958,0.13166,0.162708,0.262786,0.323985,0.298743,0.425938,0.405339,0.189468,0.146089,0.120976,0.17598,0.178333,0.09457,0.050011,0.718968,0.795173,0.828053,0.819324,0.863448,0.5,0.089781,0.042753,0.039856,0.075878,0.045131,0.0,0.628398,0.61327,0.599451,0.668573,0.781008,0.57578,0.113699,0.052898,0.073293,0.085946,0.065873,0.089103,0.190447,0.307237,0.325473,0.396963,0.377149,0.085498,0.16866,0.149169,0.179683,0.184212,0.099316,0.10067
2,IP105,0.860358,0.933119,0.934256,0.906496,0.782852,0.484977,0.026653,0.018168,0.019095,0.024304,0.032502,0.035172,0.280553,0.715,0.758333,0.429087,0.256664,0.086667,0.087907,0.184157,0.342479,0.20349,0.048795,0.033628,0.425,0.398214,0.289286,0.3125,0.798016,0.528571,0.17764,0.168473,0.161071,0.188518,0.099692,0.205815,0.333673,0.489565,0.410707,0.347244,0.386686,0.148839,0.11891,0.163124,0.2079,0.184658,0.063971,0.057666,0.781666,0.829941,0.849668,0.826582,0.870212,0.5,0.066626,0.05732,0.060529,0.098776,0.043113,0.0,0.663244,0.690911,0.642127,0.637294,0.789766,0.504808,0.08761,0.084285,0.081867,0.093997,0.055139,0.112467,0.269361,0.489102,0.442583,0.311331,0.366805,0.004993,0.134713,0.152124,0.221748,0.192872,0.076469,0.12574
3,IP106,0.871757,0.930771,0.926226,0.918309,0.761721,0.503996,0.034397,0.010638,0.00911,0.020002,0.0713,0.0254,0.282772,0.635,0.7,0.540476,0.200382,0.095362,0.123356,0.279131,0.339935,0.227266,0.079789,0.024504,0.371429,0.303571,0.178571,0.251786,0.56996,0.598214,0.165562,0.169971,0.10133,0.154946,0.165696,0.156747,0.307473,0.389035,0.270354,0.32132,0.28809,0.164452,0.116984,0.18208,0.136054,0.155634,0.094527,0.042276,0.703821,0.7362,0.754343,0.766958,0.719567,0.5,0.088921,0.120211,0.121002,0.098838,0.112625,0.0,0.643654,0.64498,0.585582,0.614759,0.674694,0.546947,0.068983,0.081755,0.049589,0.076794,0.07483,0.085358,0.251435,0.398539,0.318726,0.317843,0.230017,0.051191,0.118344,0.174941,0.148151,0.15727,0.107096,0.092535
4,IP107,0.779281,0.908942,0.914555,0.882839,0.818075,0.528368,0.041861,0.027177,0.030614,0.030803,0.036131,0.026455,0.182836,0.583095,0.591667,0.373016,0.30053,0.128904,0.108781,0.304491,0.419076,0.252318,0.093504,0.025501,0.391071,0.325,0.239286,0.267857,0.649167,0.6625,0.26803,0.203571,0.247462,0.174416,0.194845,0.128385,0.24413,0.390756,0.314631,0.301103,0.407225,0.215774,0.147224,0.205969,0.274464,0.190034,0.118797,0.042452,0.69548,0.784068,0.821464,0.774905,0.799417,0.5,0.122583,0.101464,0.093504,0.10799,0.089599,0.0,0.60606,0.648712,0.613536,0.608719,0.742016,0.588161,0.126599,0.102569,0.126053,0.090025,0.095645,0.071869,0.151955,0.376104,0.328412,0.24951,0.352754,0.104744,0.181595,0.217103,0.28918,0.20979,0.136993,0.085074
5,IP108,0.773835,0.910164,0.921352,0.910087,0.701664,0.532873,0.063506,0.017637,0.004745,0.021955,0.051017,0.030333,0.145976,0.183333,0.0,0.322778,0.185655,0.093333,0.075197,0.320156,0.0,0.294837,0.047815,0.035901,0.365,0.07,0.0,0.275,0.852143,0.585,0.137931,0.107703,0.0,0.244182,0.136951,0.206216,0.204986,0.097143,0.0,0.282143,0.299538,0.16084,0.095682,0.151294,0.0,0.23049,0.062252,0.061094,0.609239,0.672066,0.674753,0.797474,0.831601,0.5,0.120344,0.087108,0.101,0.083431,0.070978,0.0,0.586281,0.524595,0.498276,0.618368,0.771962,0.556414,0.083836,0.055352,0.003448,0.117003,0.057668,0.111317,0.120548,0.074779,-0.006725,0.246894,0.298581,0.062477,0.121074,0.182756,0.01345,0.246479,0.063759,0.115738
6,IP109,0.820079,0.88172,0.89695,0.885016,0.736641,0.503249,0.049213,0.02607,0.011248,0.019038,0.067843,0.022695,0.245353,0.309286,0.2,0.344574,0.223382,0.108511,0.118046,0.204619,0.331662,0.19845,0.053474,0.022213,0.366667,0.222222,0.055556,0.211111,0.66342,0.566667,0.165179,0.172133,0.102439,0.135628,0.177543,0.116003,0.288169,0.254633,0.078182,0.249857,0.329287,0.182143,0.129049,0.183298,0.131124,0.141669,0.069963,0.037287,0.69134,0.723051,0.713532,0.760633,0.792369,0.5,0.1314,0.116123,0.1108,0.086293,0.102435,0.0,0.617915,0.587646,0.521761,0.584521,0.704902,0.531526,0.088904,0.088135,0.048298,0.063989,0.08984,0.064245,0.200215,0.199506,0.07141,0.206465,0.266358,0.037439,0.151732,0.193656,0.15044,0.150587,0.105671,0.076363
7,IP111,0.810351,0.917912,0.92186,0.93114,0.827772,0.470246,0.052891,0.017427,0.018172,0.024286,0.031499,0.026732,0.228613,0.565,0.565,0.676667,0.303651,0.057895,0.119191,0.391184,0.42193,0.294033,0.0659,0.025784,0.459524,0.204762,0.185714,0.4,0.780833,0.347619,0.18321,0.144514,0.147849,0.183132,0.158021,0.164337,0.301193,0.276349,0.26645,0.486636,0.433161,0.099192,0.141732,0.170759,0.201322,0.196728,0.082238,0.044508,0.714424,0.763295,0.789821,0.864082,0.846854,0.5,0.097697,0.072759,0.088365,0.068387,0.090735,0.0,0.650901,0.594441,0.587785,0.689876,0.806496,0.414762,0.105347,0.068987,0.073535,0.094083,0.076577,0.08916,0.227626,0.29421,0.290582,0.478642,0.412801,-0.095818,0.166272,0.195107,0.22545,0.215024,0.099901,0.099085
8,IP112,0.879212,0.924515,0.932556,0.928556,0.770414,0.500505,0.034273,0.017941,0.014837,0.018027,0.063668,0.019092,0.307032,0.556667,0.681667,0.598333,0.216983,0.082,0.138358,0.263899,0.337347,0.242264,0.067458,0.016613,0.360714,0.321429,0.269643,0.280357,0.695437,0.530357,0.171614,0.141737,0.142063,0.190503,0.202995,0.126786,0.321083,0.392924,0.367855,0.361458,0.327921,0.141984,0.135739,0.160058,0.179083,0.18257,0.095813,0.029317,0.78049,0.817299,0.831207,0.819111,0.82865,0.5,0.091341,0.06686,0.067497,0.070577,0.10558,0.0,0.64214,0.648704,0.629369,0.631991,0.736142,0.514342,0.091157,0.07168,0.070111,0.094776,0.108433,0.068424,0.263415,0.378575,0.391829,0.367107,0.294309,0.014177,0.15493,0.175452,0.188154,0.190886,0.13411,0.07253
9,IP113,0.842857,0.897959,0.920408,0.893878,0.628571,0.512245,0.048338,0.049149,0.01099,0.015272,0.068177,0.037017,0.171905,0.3,0.2,0.2,0.149655,0.0875,0.163472,0.458258,0.4,0.208167,0.029468,0.039308,0.22,0.115,0.05,0.14,0.746667,0.51,0.207605,0.184459,0.1,0.146287,0.180093,0.22561,0.18676,0.16381,0.08,0.163492,0.245663,0.149261,0.176292,0.257418,0.16,0.169187,0.039133,0.066714,0.680152,0.705505,0.702475,0.726414,0.706808,0.5,0.140401,0.104048,0.092866,0.080315,0.1301,0.0,0.559949,0.541944,0.525,0.551061,0.683997,0.511136,0.110366,0.104012,0.05,0.072104,0.094823,0.122887,0.107957,0.14387,0.096825,0.116544,0.198389,0.012909,0.195624,0.301429,0.193649,0.17252,0.088801,0.134923
10,IP114,0.701778,0.895149,0.901076,0.875922,0.53773,0.522717,0.035416,0.01375,0.006136,0.025743,0.139644,0.038933,0.081401,0.15,0.0,0.083333,0.089216,0.1,0.042868,0.320156,0.0,0.170783,0.04159,0.04375,0.207143,0.030952,0.0,0.028571,0.407738,0.469048,0.117634,0.062133,0.0,0.057143,0.236546,0.188697,0.116564,0.05,0.0,0.042222,0.141652,0.164777,0.062599,0.1,0.0,0.084591,0.067071,0.071125,0.460539,0.511124,0.54516,0.535831,0.509669,0.5,0.082114,0.083026,0.108116,0.061812,0.10213,0.0,0.48144,0.510558,0.5,0.498712,0.48005,0.498458,0.052741,0.031996,0.0,0.033229,0.101167,0.105791,-0.028339,0.045742,0.0,0.003381,-0.027771,0.00057,0.074846,0.134512,0.0,0.102529,0.130606,0.125954
11,IP115,0.786205,0.899263,0.910424,0.888052,0.711311,0.486142,0.060899,0.023672,0.00857,0.019101,0.103923,0.035416,0.149898,0.316667,0.3,0.173333,0.189628,0.086957,0.064429,0.311359,0.458258,0.216949,0.112152,0.036377,0.264286,0.0875,0.0375,0.075,0.623359,0.507143,0.101582,0.080039,0.057282,0.1,0.259936,0.21026,0.188446,0.131919,0.066667,0.102284,0.284327,0.148428,0.077646,0.115145,0.101835,0.131993,0.15329,0.06198,0.607803,0.632645,0.70431,0.698656,0.760698,0.5,0.089469,0.105534,0.092274,0.095371,0.086366,0.0,0.550564,0.532722,0.516296,0.520924,0.671446,0.495622,0.067581,0.044081,0.030354,0.052923,0.134813,0.114263,0.084941,0.125809,0.088634,0.06015,0.220487,-0.004948,0.100662,0.144903,0.164597,0.1499,0.187231,0.130273
12,IP116,0.751449,0.887062,0.905392,0.878531,0.470443,0.525392,0.054815,0.019653,0.008764,0.012901,0.106241,0.039223,0.117551,0.0,0.0,0.0,0.100298,0.111933,0.074798,0.0,0.0,0.0,0.026381,0.041003,0.242857,0.0,0.0,0.0,0.605714,0.590476,0.13875,0.0,0.0,0.0,0.204594,0.206691,0.156243,0.0,0.0,0.0,0.168574,0.188072,0.094476,0.0,0.0,0.0,0.038834,0.068242,0.496645,0.528011,0.516564,0.510873,0.534735,0.5,0.111905,0.094529,0.088708,0.12223,0.074932,0.0,0.523412,0.489075,0.499219,0.484399,0.532611,0.554577,0.07931,0.007972,0.002344,0.004979,0.088347,0.113982,0.037105,-0.040377,-0.003953,-0.054092,0.02906,0.063458,0.117562,0.023432,0.011859,0.010049,0.091161,0.134343
13,IP117,0.835896,0.824151,0.905708,0.892953,0.450747,0.510736,0.032041,0.039416,0.004597,0.011764,0.082814,0.033876,0.125172,0.086477,0.0,0.1,0.090296,0.098,0.104047,0.111405,0.0,0.2,0.034699,0.036277,0.135556,0.104444,0.0,0.02,0.560278,0.505556,0.123308,0.141526,0.0,0.04,0.227256,0.176121,0.124956,0.092828,0.0,0.033333,0.154993,0.164124,0.105625,0.123857,0.0,0.066667,0.05938,0.06014,0.578613,0.58051,0.498843,0.537146,0.485491,0.5,0.096862,0.101241,0.093776,0.074299,0.096737,0.0,0.522266,0.501837,0.5,0.501883,0.499638,0.508207,0.058208,0.072848,0.0,0.022133,0.079244,0.097667,0.040027,-0.001085,0.0,0.010433,-0.000845,0.010928,0.110683,0.13376,0.0,0.092403,0.096817,0.113712
14,IP120,0.903226,0.960215,0.947312,0.94086,0.906452,0.508602,0.036937,0.022063,0.01828,0.016129,0.034693,0.02806,0.468585,0.800595,0.894048,0.660952,0.478571,0.093617,0.22638,0.198728,0.203738,0.105601,0.102924,0.025532,0.596429,0.653571,0.403571,0.575,0.910714,0.592857,0.222921,0.218296,0.209043,0.189286,0.078387,0.183816,0.501857,0.709158,0.527532,0.598091,0.617736,0.161616,0.181274,0.202074,0.202869,0.128492,0.076304,0.044801,0.891185,0.960878,0.960281,0.934057,0.96106,0.5,0.053619,0.03701,0.035735,0.048819,0.024185,0.0,0.763194,0.82037,0.69946,0.774053,0.90844,0.547284,0.109165,0.111289,0.104712,0.093121,0.036012,0.099506,0.46868,0.698352,0.562926,0.577691,0.61578,0.049804,0.200919,0.207528,0.1877,0.12974,0.070293,0.105704
15,IP121,0.907415,0.917133,0.933686,0.933638,0.852836,0.502951,0.020991,0.014771,0.014532,0.026312,0.042869,0.033083,0.467496,0.487222,0.693333,0.65526,0.344722,0.078,0.109458,0.208582,0.293561,0.291539,0.10317,0.036277,0.454167,0.295833,0.318056,0.433333,0.6925,0.438889,0.119485,0.17787,0.194291,0.229129,0.109234,0.197613,0.455985,0.356118,0.418402,0.50651,0.455932,0.132437,0.106212,0.186933,0.214928,0.238605,0.109147,0.061308,0.799987,0.805844,0.793349,0.813148,0.838909,0.5,0.073536,0.056287,0.057031,0.079325,0.080683,0.0,0.702032,0.635665,0.654767,0.707069,0.780176,0.473734,0.061211,0.087367,0.094886,0.116096,0.067729,0.107729,0.408458,0.33394,0.436562,0.493825,0.416896,-0.028142,0.115129,0.186911,0.21436,0.252136,0.122253,0.120114
16,IP122,0.0,0.0,0.0,0.0,0.0,0.0,0.0,0.0,0.0,0.0,0.0,0.0,0.0,0.0,0.0,0.0,0.0,0.0,0.0,0.0,0.0,0.0,0.0,0.0,0.0,0.0,0.0,0.0,0.0,0.0,0.0,0.0,0.0,0.0,0.0,0.0,0.0,0.0,0.0,0.0,0.0,0.0,0.0,0.0,0.0,0.0,0.0,0.0,0.0,0.0,0.0,0.0,0.0,0.0,0.0,0.0,0.0,0.0,0.0,0.0,0.0,0.0,0.0,0.0,0.0,0.0,0.0,0.0,0.0,0.0,0.0,0.0,0.0,0.0,0.0,0.0,0.0,0.0,0.0,0.0,0.0,0.0,0.0,0.0
17,IP123,0.868596,0.910965,0.920316,0.912404,0.777053,0.517877,0.038442,0.026181,0.010294,0.02292,0.044866,0.034326,0.277033,0.566667,0.4,0.589881,0.23211,0.107895,0.164882,0.280872,0.489898,0.252713,0.096201,0.034211,0.364286,0.278571,0.07619,0.328571,0.648413,0.630952,0.221326,0.111702,0.099773,0.158936,0.158206,0.205163,0.305961,0.352503,0.126587,0.380074,0.336063,0.184141,0.175402,0.126771,0.162189,0.12803,0.129719,0.05837,0.740044,0.781174,0.797257,0.79583,0.795748,0.5,0.113814,0.108773,0.092668,0.093232,0.068348,0.0,0.639943,0.624708,0.538095,0.648301,0.717724,0.569099,0.102962,0.05945,0.049886,0.075219,0.086896,0.111952,0.244641,0.342017,0.166711,0.37319,0.289038,0.077519,0.185245,0.15321,0.207539,0.127434,0.133064,0.122928
18,IP124,0.9099,0.938221,0.938221,0.925846,0.602318,0.531704,0.026685,0.0084,0.0084,0.025835,0.114496,0.034067,0.183333,0.1,0.0,0.233333,0.064494,0.082937,0.3,0.3,0.0,0.345205,0.062474,0.042452,0.141667,0.025,0.0,0.166667,0.416667,0.633333,0.182764,0.075,0.0,0.23863,0.342945,0.300925,0.135238,0.04,0.0,0.183333,0.10516,0.146452,0.167619,0.12,0.0,0.254951,0.0922,0.074181,0.616672,0.645446,0.612276,0.683951,0.518093,0.5,0.121416,0.130595,0.138731,0.138165,0.16735,0.0,0.551057,0.511574,0.5,0.571104,0.514922,0.578459,0.083884,0.037909,0.0,0.119788,0.148022,0.159091,0.107153,0.045493,0.0,0.16098,0.011286,0.080796,0.189979,0.147276,0.0,0.270211,0.130855,0.150184
19,IP125,0.843933,0.927566,0.927578,0.933171,0.881885,0.49161,0.02218,0.012275,0.013195,0.021578,0.029291,0.027752,0.323344,0.6975,0.858333,0.700238,0.435142,0.093478,0.045352,0.167749,0.23585,0.181754,0.112706,0.027584,0.633333,0.413889,0.255556,0.4875,0.818525,0.523611,0.135543,0.167567,0.100577,0.164388,0.101331,0.144478,0.422864,0.491407,0.385859,0.563674,0.557688,0.158586,0.056328,0.140997,0.134479,0.155456,0.09418,0.046215,0.818347,0.849205,0.916831,0.903535,0.935184,0.5,0.072449,0.056875,0.021464,0.067078,0.037429,0.0,0.749217,0.696541,0.625339,0.732707,0.85366,0.505971,0.056739,0.079337,0.05207,0.083275,0.045858,0.079945,0.374008,0.488207,0.438073,0.54544,0.537761,0.007087,0.068469,0.12606,0.143865,0.163906,0.088766,0.093556
20,IP126,0.840196,0.92549,0.923529,0.915686,0.783333,0.52451,0.034537,0.017647,0.016867,0.013299,0.036801,0.030138,0.265297,0.632143,0.605,0.546154,0.257223,0.104,0.088946,0.277125,0.367125,0.164371,0.063279,0.030725,0.448611,0.301389,0.234722,0.325,0.764441,0.584722,0.13778,0.221357,0.167181,0.159111,0.11348,0.171059,0.329919,0.376281,0.32419,0.384561,0.382313,0.176563,0.100772,0.223923,0.213486,0.13732,0.080211,0.052045,0.76554,0.83588,0.844728,0.806496,0.855155,0.5,0.071874,0.073171,0.076509,0.073017,0.053279,0.0,0.663067,0.643173,0.611985,0.648539,0.774352,0.551758,0.070264,0.108839,0.083739,0.073279,0.05311,0.093788,0.26001,0.385089,0.337787,0.368991,0.355017,0.058301,0.11588,0.217802,0.228265,0.134265,0.08491,0.106337
21,IP127,0.801912,0.931105,0.920054,0.926182,0.811743,0.492036,0.03659,0.021491,0.01671,0.015633,0.030882,0.031383,0.211511,0.726667,0.54,0.611905,0.267526,0.082346,0.061056,0.328566,0.397157,0.181265,0.05341,0.032757,0.47381,0.297619,0.178571,0.383333,0.721706,0.495238,0.101267,0.164699,0.112309,0.173156,0.182197,0.188622,0.289018,0.400163,0.259444,0.446998,0.386676,0.141171,0.06912,0.202914,0.165814,0.153676,0.074188,0.05581,0.70923,0.760374,0.756402,0.827872,0.835264,0.5,0.045054,0.098074,0.109636,0.053293,0.089719,0.0,0.653022,0.643413,0.58325,0.679595,0.771547,0.493286,0.054914,0.081999,0.055761,0.084653,0.089637,0.102856,0.217959,0.425196,0.278669,0.433993,0.356894,-0.006086,0.083802,0.20322,0.196709,0.143367,0.105452,0.112942
22,IP128,0.793491,0.89325,0.910679,0.893264,0.493304,0.497741,0.026972,0.015547,0.005204,0.01632,0.100616,0.029514,0.10272,0.05,0.0,0.0,0.089246,0.104444,0.064447,0.15,0.0,0.0,0.036594,0.029897,0.192857,0.0125,0.0,0.0,0.512165,0.610714,0.136651,0.0375,0.0,0.0,0.206427,0.172171,0.132323,0.02,0.0,0.0,0.151131,0.178302,0.084854,0.06,0.0,0.0,0.061588,0.050786,0.534113,0.479988,0.492549,0.465642,0.462034,0.5,0.096357,0.074833,0.085789,0.070699,0.127168,0.0,0.522516,0.496042,0.5,0.490425,0.501507,0.548687,0.055736,0.021236,0.0,0.007723,0.115465,0.093823,0.029357,-0.01454,0.0,-0.036262,-0.003514,0.055621,0.088178,0.079077,0.0,0.021718,0.123764,0.106881
23,IP129,0.876545,0.921267,0.931218,0.916327,0.855446,0.50495,0.031903,0.023021,0.01882,0.024866,0.043191,0.023593,0.370499,0.60619,0.746667,0.590714,0.382306,0.096,0.124639,0.209922,0.308113,0.280473,0.093472,0.023324,0.437778,0.392222,0.35,0.341111,0.796414,0.516667,0.163012,0.161784,0.176191,0.172709,0.150266,0.121741,0.396005,0.470208,0.46119,0.416382,0.51104,0.161864,0.129764,0.179499,0.217614,0.199811,0.103883,0.03902,0.818911,0.833327,0.853599,0.841309,0.889741,0.5,0.090313,0.082533,0.092528,0.058855,0.061844,0.0,0.679382,0.683498,0.670061,0.65796,0.828988,0.510244,0.085139,0.084601,0.089197,0.088053,0.079095,0.067475,0.332975,0.445395,0.472559,0.400426,0.484182,0.011721,0.147476,0.189729,0.220788,0.212131,0.121795,0.079023
24,IP130,0.782773,0.896022,0.909006,0.914958,0.749594,0.497577,0.072076,0.034827,0.005026,0.025511,0.061125,0.027485,0.202947,0.433333,0.0,0.684167,0.241196,0.10074,0.068343,0.386437,0.0,0.253269,0.049975,0.028722,0.414286,0.176786,0.0,0.346429,0.775198,0.569643,0.117857,0.169116,0.0,0.130785,0.147,0.155562,0.263274,0.227065,0.0,0.421807,0.364626,0.171149,0.074113,0.204228,0.0,0.100674,0.06795,0.048423,0.693573,0.737951,0.72769,0.874851,0.837205,0.5,0.076907,0.105578,0.107723,0.051804,0.075732,0.0,0.616798,0.572151,0.5,0.65892,0.761561,0.529934,0.051883,0.088575,0.0,0.056211,0.083308,0.084987,0.176634,0.212621,0.0,0.427099,0.331168,0.034818,0.087234,0.229776,0.0,0.114364,0.1002,0.098242
25,IP131,0.896669,0.931101,0.931113,0.925725,0.861173,0.523107,0.024114,0.015394,0.018733,0.022277,0.033016,0.022834,0.447457,0.699113,0.75,0.63504,0.390315,0.121277,0.128581,0.139946,0.166667,0.144707,0.091109,0.023404,0.458333,0.491667,0.398611,0.4875,0.793611,0.654167,0.162565,0.14153,0.144077,0.175731,0.129696,0.115612,0.447949,0.56424,0.509953,0.539846,0.515848,0.204545,0.13607,0.111737,0.149242,0.155142,0.089548,0.03881,0.833564,0.867223,0.900085,0.91538,0.904748,0.5,0.074174,0.070343,0.045844,0.040856,0.054559,0.0,0.70007,0.733957,0.692177,0.728897,0.830976,0.581831,0.083107,0.068736,0.073769,0.088696,0.059821,0.06429,0.394145,0.545371,0.509586,0.51205,0.489924,0.095596,0.148828,0.116581,0.147927,0.158166,0.092752,0.075474
26,IP132,0.800716,0.905578,0.910739,0.887413,0.637895,0.505861,0.043391,0.020072,0.003815,0.025483,0.066028,0.030357,0.123266,0.333333,0.0,0.3,0.137466,0.09143,0.122762,0.324893,0.0,0.221108,0.045196,0.029501,0.214286,0.114286,0.0,0.157143,0.577024,0.509524,0.214286,0.106904,0.0,0.118666,0.186863,0.166394,0.155451,0.168889,0.0,0.200124,0.21844,0.154993,0.154162,0.158449,0.0,0.145074,0.068008,0.050002,0.564086,0.603029,0.685807,0.675468,0.639807,0.5,0.142415,0.146088,0.116894,0.086753,0.09165,0.0,0.536157,0.548612,0.5,0.558008,0.61046,0.507609,0.112403,0.055582,0.0,0.064578,0.070464,0.091612,0.055334,0.161532,0.0,0.158318,0.131941,0.008047,0.177333,0.184721,0.0,0.165058,0.087875,0.104652
27,IP133,0.87767,0.931224,0.932522,0.922282,0.840685,0.501866,0.025793,0.016237,0.020543,0.024455,0.041965,0.023866,0.311865,0.662143,0.716667,0.564524,0.298531,0.085897,0.104211,0.308172,0.33375,0.23452,0.109643,0.025288,0.416667,0.345238,0.252381,0.402381,0.7075,0.530952,0.204886,0.17472,0.213544,0.225488,0.179134,0.161502,0.342386,0.425326,0.346385,0.436668,0.413254,0.147791,0.130005,0.181812,0.224991,0.194001,0.130276,0.043548,0.782519,0.834676,0.867862,0.825906,0.854651,0.5,0.106757,0.095616,0.096196,0.085365,0.085813,0.0,0.66738,0.664286,0.622718,0.685228,0.779432,0.515115,0.092933,0.083445,0.107414,0.111661,0.091159,0.086845,0.290041,0.433432,0.384887,0.419209,0.385521,0.016459,0.139054,0.1814,0.224081,0.195244,0.142421,0.092761
28,IP134,0.8642,0.923834,0.910598,0.926007,0.802759,0.496679,0.036089,0.017445,0.005864,0.022854,0.08036,0.024912,0.341222,0.625873,0.1,0.598452,0.320883,0.098659,0.130634,0.158468,0.3,0.164489,0.110569,0.025661,0.5,0.390278,0.0125,0.5,0.817659,0.559722,0.248607,0.139367,0.0375,0.195236,0.126168,0.140827,0.391075,0.472063,0.022222,0.537384,0.446155,0.167703,0.144486,0.143671,0.066667,0.17117,0.111389,0.043299,0.823806,0.873593,0.824331,0.906178,0.927135,0.5,0.070075,0.04009,0.035984,0.048953,0.029154,0.0,0.700279,0.68362,0.50625,0.73422,0.809631,0.525012,0.116965,0.06945,0.01875,0.099352,0.062173,0.077106,0.335992,0.452913,0.033953,0.504639,0.425979,0.029015,0.171101,0.146458,0.101858,0.181297,0.112237,0.088056
29,IP135,0.934893,0.933619,0.940487,0.944635,0.900361,0.50333,0.036883,0.029635,0.031126,0.026394,0.031487,0.033578,0.724167,0.737143,0.788333,0.746746,0.480815,0.098874,0.23905,0.212808,0.220863,0.161152,0.088783,0.036427,0.57619,0.564286,0.535714,0.666667,0.855437,0.52619,0.18001,0.195775,0.20294,0.15171,0.140329,0.194146,0.629435,0.607094,0.620552,0.694371,0.611917,0.16641,0.17687,0.165906,0.190885,0.137258,0.099198,0.061267,0.90379,0.909896,0.938691,0.931885,0.923698,0.5,0.069352,0.059263,0.056962,0.048362,0.064202,0.0,0.774284,0.768378,0.759431,0.820326,0.880061,0.513457,0.097242,0.098861,0.105683,0.078602,0.073483,0.105746,0.606072,0.594662,0.611977,0.671459,0.592291,0.016423,0.201832,0.166001,0.20103,0.148763,0.109997,0.12185
